{"type": "Feature", "properties": {"name": "Landkreis Ebersberg", "source": "OSM Nominatim"}, "geometry": {"type": "Polygon", "coordinates": [[[11.7476953, 48.137637], [11.7484009, 48.1370207], [11.7494234, 48.1353631], [11.7504671, 48.1337634], [11.7513814, 48.1324579], [11.7514163, 48.1322842], [11.7514464, 48.1321174], [11.7526634, 48.1308077], [11.7530346, 48.1306002], [11.7532224, 48.1304914], [11.7537453, 48.1301381], [11.7548007, 48.1287788], [11.7557205, 48.1280389], [11.7568048, 48.1262724], [11.7568125, 48.126237], [11.7568462, 48.1260724], [11.7569232, 48.1256939], [11.7569578, 48.1255242], [11.75705, 48.125105], [11.757091, 48.1249195], [11.7570666, 48.124704], [11.7570597, 48.1245657], [11.7569872, 48.1243691], [11.7569826, 48.1243175], [11.7568707, 48.1243063], [11.7566106, 48.1242804], [11.7563748, 48.1242637], [11.7561901, 48.1242631], [11.7559029, 48.1242618], [11.7548293, 48.1242576], [11.7545005, 48.124267], [11.7544965, 48.1242149], [11.7544612, 48.1239329], [11.7540445, 48.1227294], [11.7540123, 48.122628], [11.7539813, 48.1225303], [11.7543965, 48.1224859], [11.7548309, 48.1224559], [11.7555571, 48.1223529], [11.7560777, 48.122285], [11.7562648, 48.1222675], [11.7565691, 48.1222509], [11.7567249, 48.121774], [11.7573122, 48.1204224], [11.7574165, 48.1201444], [11.7574968, 48.1198867], [11.7575156, 48.1198247], [11.757687, 48.1196953], [11.758025, 48.1194398], [11.7581175, 48.1193699], [11.7582223, 48.1192893], [11.7584786, 48.119092], [11.7588351, 48.1188176], [11.7589749, 48.1187014], [11.7588947, 48.1186193], [11.7588841, 48.1185955], [11.7588539, 48.1184848], [11.7587802, 48.1179134], [11.7588888, 48.1175247], [11.7592635, 48.1159655], [11.7594456, 48.1149832], [11.7593946, 48.1148853], [11.7593412, 48.1147837], [11.7596709, 48.1132358], [11.7595995, 48.1129792], [11.7593487, 48.1122958], [11.7593516, 48.1122894], [11.7598191, 48.1104566], [11.7598535, 48.110321], [11.7597807, 48.1099158], [11.7593876, 48.1085518], [11.7593999, 48.1084104], [11.7594516, 48.108212], [11.7597504, 48.1078682], [11.7601336, 48.1073201], [11.7607627, 48.1066535], [11.7615712, 48.1056719], [11.7621935, 48.1050173], [11.7626499, 48.1044627], [11.7627556, 48.1042483], [11.762818, 48.1041216], [11.7631159, 48.1033574], [11.7633646, 48.1032472], [11.7638767, 48.1029313], [11.7639494, 48.1029085], [11.7640042, 48.1028848], [11.7640098, 48.1028798], [11.7640439, 48.1028493], [11.7640684, 48.102808], [11.7640762, 48.1027639], [11.7640666, 48.10272], [11.7640404, 48.1026793], [11.7639894, 48.1026361], [11.7638518, 48.1025192], [11.7642868, 48.1021375], [11.7648277, 48.1016573], [11.7650168, 48.1015061], [11.7651956, 48.1013281], [11.7655644, 48.1009213], [11.7655917, 48.1008688], [11.7656623, 48.1007478], [11.7657847, 48.100586], [11.7659896, 48.1003287], [11.7665306, 48.0997786], [11.7670007, 48.0991201], [11.7670191, 48.0990584], [11.7672196, 48.0988023], [11.7674564, 48.0985876], [11.767631, 48.0982731], [11.767665, 48.098216], [11.7677432, 48.098155], [11.7678382, 48.0980965], [11.7680427, 48.0978349], [11.7681136, 48.0977441], [11.7679957, 48.0975801], [11.7678703, 48.0974083], [11.7678262, 48.0973312], [11.7677306, 48.0971632], [11.7679151, 48.097173], [11.7679461, 48.0971647], [11.7680065, 48.0971483], [11.7685386, 48.0969711], [11.7699826, 48.0964463], [11.769965, 48.0963899], [11.7699537, 48.0963538], [11.7699294, 48.0962249], [11.7704461, 48.0957041], [11.7705478, 48.0956129], [11.7707767, 48.0954157], [11.7711171, 48.0951227], [11.7711393, 48.0950873], [11.7711472, 48.0950491], [11.7711092, 48.0940601], [11.7711276, 48.0935893], [11.7712063, 48.0935731], [11.771489, 48.0935113], [11.7718816, 48.0934213], [11.7719338, 48.093411], [11.7746882, 48.0928695], [11.7796186, 48.0919422], [11.7796755, 48.0919315], [11.7798856, 48.0918979], [11.7800606, 48.0918699], [11.7821959, 48.0916753], [11.7812626, 48.0890702], [11.7809951, 48.0882504], [11.7813575, 48.0882703], [11.7815972, 48.0882929], [11.7821814, 48.0883475], [11.7820574, 48.0881052], [11.7818425, 48.0877111], [11.7818175, 48.087646], [11.7817993, 48.0875103], [11.7818065, 48.0873254], [11.7819152, 48.0862526], [11.7820851, 48.0857199], [11.7821394, 48.0855388], [11.782177, 48.0852871], [11.782315, 48.0848766], [11.7823832, 48.0845565], [11.7824406, 48.0841743], [11.782467, 48.0838883], [11.7824648, 48.0836659], [11.7824777, 48.0834017], [11.7825251, 48.0831454], [11.7826557, 48.0825976], [11.7829176, 48.0818189], [11.7830448, 48.0814588], [11.7832845, 48.0809535], [11.7833644, 48.0807849], [11.7835155, 48.0803596], [11.783726, 48.0798312], [11.7839795, 48.0791305], [11.7841008, 48.0787086], [11.7842441, 48.078142], [11.7844496, 48.0763049], [11.7844649, 48.0761926], [11.7844952, 48.0759684], [11.7846707, 48.0755178], [11.7848046, 48.0749104], [11.7850144, 48.0742459], [11.7850127, 48.0742178], [11.7850131, 48.0741241], [11.7850315, 48.0740202], [11.7850677, 48.0738839], [11.7850918, 48.0737425], [11.7851174, 48.0736507], [11.7852126, 48.0733435], [11.7852679, 48.0732254], [11.7852831, 48.0731802], [11.7852952, 48.073021], [11.7853675, 48.0727659], [11.785415, 48.0726344], [11.7854199, 48.0724825], [11.7854181, 48.0724167], [11.7854048, 48.0723452], [11.785394, 48.0722522], [11.7853988, 48.07223], [11.7854346, 48.0721678], [11.7854551, 48.0721258], [11.7854624, 48.0719202], [11.7854495, 48.0717011], [11.7854317, 48.0715181], [11.7853931, 48.0713112], [11.7853518, 48.0711233], [11.785308, 48.0709587], [11.7852378, 48.0707116], [11.7851861, 48.0704901], [11.7851636, 48.0703822], [11.7851258, 48.0702682], [11.7850766, 48.0701906], [11.7850248, 48.0701209], [11.7850041, 48.0700809], [11.7849845, 48.0700369], [11.7849777, 48.0699814], [11.7849799, 48.0699641], [11.7849986, 48.0699167], [11.7850235, 48.0698643], [11.785026, 48.0698474], [11.7850242, 48.0697682], [11.7850088, 48.0696567], [11.7849925, 48.0695755], [11.7849655, 48.0695226], [11.7850302, 48.0695159], [11.7851161, 48.0695022], [11.785139, 48.069497], [11.7852855, 48.0694318], [11.7856428, 48.0693072], [11.7861066, 48.0691299], [11.7865074, 48.0690009], [11.7868044, 48.0688974], [11.7873861, 48.0687289], [11.7878415, 48.0686274], [11.7882959, 48.0685263], [11.7893732, 48.0682481], [11.7899621, 48.0680602], [11.7900347, 48.0680432], [11.7910001, 48.0676753], [11.7923502, 48.0676081], [11.7939884, 48.0675623], [11.794367, 48.0674633], [11.7963659, 48.0667544], [11.7981622, 48.0664035], [11.7993774, 48.0658746], [11.7998087, 48.0658023], [11.7998929, 48.0656926], [11.7999688, 48.0655946], [11.8000635, 48.0655897], [11.8001962, 48.0655894], [11.8011091, 48.0655872], [11.801307, 48.0655636], [11.8015947, 48.0654692], [11.8017523, 48.0654494], [11.8024173, 48.0654292], [11.8026541, 48.0654251], [11.8026806, 48.0654229], [11.8029008, 48.0652925], [11.8036052, 48.0648929], [11.8036329, 48.0648789], [11.8036693, 48.0648553], [11.804021, 48.0646766], [11.8054072, 48.0639666], [11.8057511, 48.0637429], [11.8060187, 48.0635689], [11.8064286, 48.0633066], [11.806766, 48.0631196], [11.8068675, 48.0630444], [11.8069868, 48.0628838], [11.8071716, 48.0626599], [11.8072596, 48.0625777], [11.807417, 48.062473], [11.8076914, 48.0623113], [11.8078437, 48.0622214], [11.8086597, 48.0617966], [11.8087925, 48.0617378], [11.8087684, 48.0615923], [11.8082817, 48.060854], [11.8079075, 48.0602864], [11.807605, 48.0585375], [11.8070844, 48.0577896], [11.8070987, 48.0575622], [11.807135, 48.0569797], [11.8069463, 48.0560768], [11.8069234, 48.0559672], [11.8058129, 48.0560109], [11.8049216, 48.0561065], [11.8046217, 48.0561871], [11.801181, 48.0570991], [11.7998155, 48.057708], [11.7995219, 48.0578545], [11.7989075, 48.0581515], [11.7985227, 48.0584217], [11.7983644, 48.0583788], [11.7980577, 48.0582952], [11.7980167, 48.0582123], [11.7980033, 48.056631], [11.7980028, 48.0565628], [11.7978849, 48.0561465], [11.7976197, 48.0559238], [11.7974485, 48.0558615], [11.7972832, 48.0558015], [11.7966748, 48.0558633], [11.7962049, 48.0558211], [11.7949113, 48.0557627], [11.7941483, 48.0558665], [11.7922872, 48.0562609], [11.7914042, 48.0563748], [11.7897627, 48.0568117], [11.788965, 48.0569459], [11.7888782, 48.0569606], [11.7877638, 48.0570896], [11.7877022, 48.056085], [11.7878472, 48.0557811], [11.7875323, 48.0551346], [11.7874859, 48.0547491], [11.7873294, 48.0544539], [11.7871144, 48.0540671], [11.7869421, 48.0532884], [11.7866521, 48.052171], [11.7868336, 48.0514394], [11.7868601, 48.0513329], [11.7865488, 48.0501606], [11.7865891, 48.0494635], [11.7863393, 48.0489864], [11.7861853, 48.0480878], [11.7861081, 48.0477142], [11.7860206, 48.0474659], [11.7858734, 48.0472029], [11.7857945, 48.0471052], [11.7854604, 48.0467244], [11.7853884, 48.0465907], [11.7853174, 48.0463764], [11.7852864, 48.0461286], [11.7852418, 48.0459548], [11.7851551, 48.0457163], [11.7851315, 48.0456302], [11.7850892, 48.045298], [11.7851264, 48.0450397], [11.7851281, 48.0449224], [11.7851412, 48.0440536], [11.7851374, 48.0436673], [11.7850942, 48.0432497], [11.785036, 48.0429073], [11.784929, 48.042515], [11.7847911, 48.0420577], [11.7847476, 48.0419487], [11.784555, 48.0415], [11.7844792, 48.0413658], [11.7836872, 48.0401209], [11.783574, 48.0399134], [11.7835231, 48.0398043], [11.7834941, 48.0396893], [11.7834743, 48.0395474], [11.7834811, 48.0393778], [11.7838354, 48.0372246], [11.7838456, 48.0371225], [11.7838561, 48.0370203], [11.7838734, 48.0366411], [11.7839032, 48.0363171], [11.7838324, 48.036111], [11.7838309, 48.0361005], [11.7838011, 48.0358981], [11.7838586, 48.0353582], [11.7839049, 48.0349555], [11.7839687, 48.0344983], [11.7840058, 48.0343734], [11.7841788, 48.034005], [11.7844429, 48.0334777], [11.7848524, 48.0326714], [11.785786, 48.0306996], [11.7858534, 48.0305655], [11.7858782, 48.0304671], [11.7860325, 48.0296734], [11.7864909, 48.028345], [11.7864992, 48.0283301], [11.7865772, 48.0281928], [11.7873508, 48.0268998], [11.7875479, 48.0265477], [11.7875721, 48.0264604], [11.7877485, 48.0251517], [11.78781, 48.0249292], [11.7881109, 48.0241566], [11.7882417, 48.0234684], [11.7882505, 48.0232068], [11.7882373, 48.0225411], [11.7882548, 48.0221279], [11.7882392, 48.0219186], [11.7883284, 48.0215698], [11.7883442, 48.0213594], [11.7883478, 48.0213118], [11.788409, 48.0211795], [11.788486, 48.0208992], [11.7868135, 48.0214853], [11.7867025, 48.0215241], [11.786628, 48.0215578], [11.7864629, 48.0216106], [11.7863413, 48.0216032], [11.7860559, 48.0215989], [11.7856639, 48.0216106], [11.785363, 48.0216268], [11.7853021, 48.0216313], [11.7832203, 48.021785], [11.7828118, 48.0217842], [11.7824154, 48.0217492], [11.7818734, 48.0216637], [11.7815569, 48.0216006], [11.7809193, 48.0214749], [11.7807169, 48.0214513], [11.7805149, 48.0214365], [11.7801408, 48.0214388], [11.7796143, 48.0214721], [11.7785053, 48.0215644], [11.778456, 48.0215703], [11.7765933, 48.0217951], [11.7764371, 48.0218128], [11.7763043, 48.0218279], [11.7757127, 48.0219013], [11.7751689, 48.0219196], [11.7747665, 48.021891], [11.7744029, 48.0218834], [11.7738448, 48.0218543], [11.7733736, 48.0217991], [11.7729855, 48.0217876], [11.7727261, 48.0217992], [11.7725251, 48.0218387], [11.772289, 48.0218909], [11.7718428, 48.0219461], [11.7714485, 48.0219538], [11.7706943, 48.0219648], [11.7699509, 48.0219404], [11.7687334, 48.0218512], [11.7668219, 48.0216808], [11.7668427, 48.0215125], [11.7668734, 48.021262], [11.7670551, 48.0198704], [11.7670677, 48.0196434], [11.767076, 48.0181357], [11.7670648, 48.0169524], [11.7670517, 48.0168479], [11.7670042, 48.0165883], [11.7669648, 48.0164324], [11.766947, 48.0162849], [11.7669242, 48.015341], [11.7669406, 48.0151758], [11.7669559, 48.0151424], [11.7676895, 48.0140448], [11.7678189, 48.0138782], [11.7673504, 48.0138266], [11.7675947, 48.012522], [11.7676267, 48.0123747], [11.7675084, 48.0121131], [11.7675122, 48.0115552], [11.7674186, 48.0107448], [11.7674551, 48.0106579], [11.7673276, 48.0105884], [11.7673081, 48.0105779], [11.7672334, 48.0104475], [11.7672806, 48.010327], [11.7671527, 48.0087625], [11.7671618, 48.0087341], [11.7671457, 48.0085306], [11.7678713, 48.0084385], [11.7679501, 48.0079602], [11.7680194, 48.0078275], [11.7680109, 48.0077203], [11.7679437, 48.0074287], [11.767903, 48.0072698], [11.7678583, 48.0069916], [11.7678387, 48.0068336], [11.7678516, 48.0067169], [11.767865, 48.0065568], [11.7679456, 48.0063829], [11.7681029, 48.0061882], [11.7681202, 48.0060861], [11.7681126, 48.0060672], [11.7680846, 48.0060198], [11.7679893, 48.0059022], [11.7678558, 48.0057259], [11.7678489, 48.0057123], [11.7678232, 48.0056205], [11.7677872, 48.0054427], [11.7677878, 48.0052723], [11.7677837, 48.0051029], [11.7677855, 48.005091], [11.7679553, 48.0045786], [11.7679382, 48.0044724], [11.7678907, 48.0043393], [11.7678885, 48.0043261], [11.767895, 48.0041814], [11.767897, 48.004171], [11.7680537, 48.0037386], [11.7681109, 48.003387], [11.7681265, 48.0032884], [11.7681577, 48.0029892], [11.768158, 48.0029083], [11.7681386, 48.0026828], [11.7680975, 48.0024344], [11.7680976, 48.0024234], [11.7682395, 48.0015617], [11.7682465, 48.0015452], [11.7683763, 48.0013653], [11.7686439, 48.0009266], [11.7687387, 48.0006822], [11.7690723, 48.0001135], [11.7691244, 47.9998747], [11.7692085, 47.9996513], [11.7692279, 47.9995542], [11.7689862, 47.9994879], [11.768419, 47.9993141], [11.768111, 47.999206], [11.7678997, 47.9991318], [11.7663971, 47.9986343], [11.7662853, 47.9985957], [11.7644749, 47.9979935], [11.7638101, 47.9977627], [11.7635514, 47.9976723], [11.7623279, 47.9972508], [11.7602931, 47.9965336], [11.7600568, 47.9964668], [11.759871, 47.9964221], [11.7599792, 47.996269], [11.7607666, 47.9947758], [11.7610793, 47.9942235], [11.7610007, 47.9942038], [11.7615814, 47.9931778], [11.762168, 47.9921739], [11.762036, 47.9920663], [11.7619117, 47.9919666], [11.7617975, 47.9918759], [11.7616745, 47.9917756], [11.7617918, 47.9917445], [11.7620192, 47.9916939], [11.7620407, 47.991691], [11.7624084, 47.9916705], [11.7626364, 47.9916729], [11.7631975, 47.9916997], [11.7639633, 47.991754], [11.7645245, 47.9918223], [11.765652, 47.9919964], [11.7658473, 47.9920223], [11.7660014, 47.9920301], [11.7662481, 47.9920323], [11.7664099, 47.9920223], [11.7666305, 47.9919938], [11.7671316, 47.9919334], [11.7676726, 47.9918357], [11.7679388, 47.991801], [11.7683065, 47.9917929], [11.7692124, 47.991772], [11.769953, 47.9917201], [11.7707853, 47.9916806], [11.77149, 47.9916593], [11.7719759, 47.9916758], [11.7724856, 47.9917404], [11.7728095, 47.9918147], [11.7729597, 47.991845], [11.7732357, 47.9918984], [11.7735713, 47.991929], [11.7739009, 47.9919111], [11.7741143, 47.9918757], [11.7745663, 47.9917455], [11.7748975, 47.9916129], [11.7752819, 47.9914305], [11.7758683, 47.991213], [11.7764104, 47.9910433], [11.7768303, 47.9909342], [11.7774392, 47.9908336], [11.7778473, 47.990786], [11.7780909, 47.9907751], [11.7783452, 47.9907738], [11.7785914, 47.9907843], [11.7786647, 47.9907086], [11.7787665, 47.990645], [11.778879, 47.9906004], [11.7790651, 47.9905681], [11.7792176, 47.990545], [11.7794346, 47.9905406], [11.7798417, 47.9906029], [11.7800705, 47.9906718], [11.7800919, 47.9906815], [11.7802399, 47.9907763], [11.7803934, 47.9908335], [11.7805141, 47.9908698], [11.7808046, 47.9908819], [11.7812173, 47.9908561], [11.7812602, 47.9908535], [11.7816904, 47.990852], [11.7819298, 47.990871], [11.7821068, 47.9908759], [11.7823306, 47.9908373], [11.7828133, 47.9907287], [11.7833649, 47.9906097], [11.7833716, 47.9906098], [11.7837777, 47.9905633], [11.7841296, 47.9905095], [11.7843472, 47.9904395], [11.7845859, 47.9903595], [11.7848288, 47.9902599], [11.785099, 47.9901149], [11.7853418, 47.9899484], [11.7854429, 47.9898699], [11.7855257, 47.9898049], [11.785915, 47.9894612], [11.7861301, 47.9891802], [11.7863389, 47.9888838], [11.7866338, 47.9885554], [11.7868357, 47.9883579], [11.7870521, 47.9881082], [11.7873004, 47.9878735], [11.7876711, 47.9876078], [11.7880115, 47.9873178], [11.7882707, 47.98711], [11.7885185, 47.986862], [11.7887289, 47.9866308], [11.7888401, 47.9864901], [11.7889074, 47.9864112], [11.7891584, 47.9861458], [11.7894765, 47.9859025], [11.7898514, 47.9856993], [11.7906607, 47.985409], [11.7911206, 47.9852824], [11.7915863, 47.9852208], [11.7919255, 47.9851866], [11.7920827, 47.9851707], [11.7924458, 47.9851145], [11.7927492, 47.985001], [11.7930493, 47.9849246], [11.7937123, 47.9848803], [11.7940446, 47.9848782], [11.7944644, 47.9849056], [11.794762, 47.98491], [11.7958658, 47.9847544], [11.7959297, 47.9847484], [11.796359, 47.984714], [11.7967773, 47.9846937], [11.7971944, 47.9846307], [11.7974881, 47.9845754], [11.7979364, 47.9844406], [11.798326, 47.9843031], [11.7987981, 47.984199], [11.7990913, 47.9841661], [11.7995216, 47.9841123], [11.7997856, 47.9840424], [11.7999584, 47.9839866], [11.8000997, 47.9839121], [11.8002688, 47.9838154], [11.8004886, 47.9837007], [11.8008303, 47.9835059], [11.8010442, 47.98343], [11.8013457, 47.9833488], [11.801552, 47.9833179], [11.8018056, 47.9832988], [11.801879, 47.9832954], [11.8019682, 47.9833062], [11.8021099, 47.9833238], [11.8021623, 47.9833282], [11.8022583, 47.9833397], [11.8026902, 47.9834175], [11.8031745, 47.9835285], [11.8034811, 47.9835693], [11.8041634, 47.9835688], [11.8052097, 47.983551], [11.8053023, 47.9835114], [11.8054196, 47.9834615], [11.8053756, 47.9833838], [11.8051886, 47.9831558], [11.8049248, 47.9828714], [11.8042117, 47.9821512], [11.8038023, 47.9817255], [11.8033825, 47.9812854], [11.803332, 47.9812258], [11.8031786, 47.9810525], [11.8014737, 47.9792508], [11.8038005, 47.9780429], [11.8043498, 47.9777577], [11.8056901, 47.9771447], [11.8102932, 47.9750251], [11.8105145, 47.9753378], [11.8114216, 47.9762971], [11.8116434, 47.9765353], [11.8118137, 47.9769602], [11.8120087, 47.9767206], [11.8122771, 47.9764318], [11.8126343, 47.9761648], [11.8127567, 47.9760733], [11.8133284, 47.9755928], [11.8135328, 47.9753589], [11.8136343, 47.9751806], [11.8136925, 47.9750828], [11.8137876, 47.9750866], [11.8141275, 47.9751104], [11.8142392, 47.9751182], [11.8143419, 47.9751303], [11.8144258, 47.9750839], [11.8147694, 47.9749644], [11.8150933, 47.9749086], [11.8151871, 47.9748924], [11.8149312, 47.974299], [11.8147797, 47.9742616], [11.8145714, 47.9742103], [11.8146846, 47.9739754], [11.8147944, 47.9739565], [11.8153951, 47.9738534], [11.8180238, 47.9731052], [11.8180682, 47.9731297], [11.8188816, 47.9735782], [11.8192178, 47.9734223], [11.8195715, 47.9732586], [11.81951, 47.9731169], [11.8193771, 47.9722441], [11.8189798, 47.9709197], [11.8189233, 47.9707319], [11.8186553, 47.9698388], [11.8186571, 47.9698118], [11.8186681, 47.9697859], [11.8186878, 47.9697628], [11.818715, 47.9697435], [11.8187482, 47.9697293], [11.8189299, 47.9696892], [11.8200422, 47.9696076], [11.8200912, 47.9695906], [11.8201192, 47.969585], [11.8208226, 47.9695367], [11.8209955, 47.9695165], [11.8209836, 47.9694819], [11.8210156, 47.9692504], [11.8209642, 47.9691589], [11.8209943, 47.9690792], [11.8209852, 47.9688996], [11.8211099, 47.9687503], [11.8215175, 47.9686185], [11.8216288, 47.9680271], [11.8217677, 47.9680392], [11.8220637, 47.9679365], [11.8221632, 47.967836], [11.8221982, 47.9677997], [11.8222333, 47.9677635], [11.8223563, 47.96764], [11.822539, 47.9676203], [11.8230045, 47.9676616], [11.8235249, 47.9676738], [11.8235694, 47.967655], [11.823601, 47.9676018], [11.8235951, 47.9674736], [11.8238448, 47.9674294], [11.824077, 47.9672802], [11.8241343, 47.9672856], [11.8242838, 47.9673566], [11.8246997, 47.9673052], [11.824856, 47.9671762], [11.8249304, 47.9671493], [11.8250521, 47.9671392], [11.8250801, 47.9671012], [11.8250594, 47.966985], [11.8250834, 47.9669515], [11.8252115, 47.966912], [11.8254418, 47.9670282], [11.8255545, 47.9669958], [11.8256777, 47.9668589], [11.8257488, 47.9667331], [11.8258387, 47.9663929], [11.8260257, 47.966294], [11.8261172, 47.9662046], [11.8260977, 47.9660918], [11.8260382, 47.9659784], [11.8259056, 47.9658426], [11.825782, 47.9655812], [11.8255602, 47.9652629], [11.8254004, 47.9649368], [11.8253872, 47.9648966], [11.8253115, 47.9646646], [11.8252428, 47.964549], [11.8251749, 47.9644925], [11.8249552, 47.9642897], [11.8246996, 47.9641457], [11.8244416, 47.9638806], [11.8244009, 47.9637387], [11.8243832, 47.9637242], [11.8242603, 47.9636229], [11.8242561, 47.9635632], [11.824308, 47.9634763], [11.8243215, 47.9634693], [11.8243669, 47.9634352], [11.8247016, 47.9632981], [11.825092, 47.9632088], [11.8253992, 47.9632168], [11.8255431, 47.9632277], [11.8255815, 47.9632336], [11.826061, 47.9633537], [11.8262419, 47.963363], [11.8263688, 47.9633373], [11.826684, 47.9631824], [11.8270523, 47.962816], [11.827329, 47.9625195], [11.8275673, 47.9621456], [11.8276556, 47.9619939], [11.8277854, 47.9619569], [11.8281375, 47.9618989], [11.8283819, 47.9618814], [11.8285621, 47.9618925], [11.8287598, 47.9619371], [11.8288859, 47.9619863], [11.8289077, 47.9619992], [11.8289724, 47.9620555], [11.8293867, 47.9620697], [11.8294758, 47.9621023], [11.8295697, 47.9621367], [11.8296826, 47.962459], [11.8297782, 47.9625349], [11.8299179, 47.9625719], [11.8301028, 47.962573], [11.8304623, 47.9624321], [11.8306394, 47.9623793], [11.8306666, 47.9623733], [11.8311125, 47.9623291], [11.8313623, 47.9622804], [11.8319187, 47.9620465], [11.8327308, 47.9619153], [11.8331353, 47.9618993], [11.8335148, 47.9619887], [11.8339048, 47.9621728], [11.8339479, 47.9621733], [11.8339649, 47.9621758], [11.8340284, 47.9621899], [11.8342104, 47.962263], [11.8344998, 47.9623877], [11.8346101, 47.9624302], [11.8347748, 47.9624829], [11.8348687, 47.9625012], [11.8350113, 47.9625145], [11.8352496, 47.9625307], [11.8353132, 47.9625407], [11.8353994, 47.9625632], [11.8354853, 47.9625958], [11.8355081, 47.9625978], [11.8357557, 47.9626075], [11.8357798, 47.9626106], [11.8360288, 47.962723], [11.8362028, 47.962796], [11.8362608, 47.9628113], [11.8363245, 47.9628227], [11.8363771, 47.962828], [11.8365255, 47.9628269], [11.8365683, 47.9628246], [11.8366045, 47.962816], [11.8369569, 47.9626612], [11.8370113, 47.9626543], [11.8370604, 47.9626525], [11.8370775, 47.9626561], [11.8370923, 47.962662], [11.8371108, 47.9626749], [11.837126, 47.962695], [11.8371288, 47.9627587], [11.837111, 47.9628881], [11.8371065, 47.9629194], [11.8371025, 47.9629689], [11.8371122, 47.9629914], [11.8371246, 47.9630081], [11.8371427, 47.9630196], [11.8371658, 47.963029], [11.8371919, 47.9630335], [11.837239, 47.9630312], [11.8373122, 47.9630229], [11.8373968, 47.9630068], [11.8375324, 47.9629703], [11.8377849, 47.9628795], [11.8378602, 47.9628482], [11.8378962, 47.962837], [11.8379179, 47.9628327], [11.8379482, 47.9628305], [11.8379779, 47.9628343], [11.8379899, 47.9628387], [11.8381187, 47.9629294], [11.8381363, 47.9629403], [11.8381556, 47.9629488], [11.8382254, 47.9629577], [11.8384694, 47.9629751], [11.838578, 47.9629905], [11.8386249, 47.9630099], [11.8386865, 47.963047], [11.8387143, 47.9630823], [11.8387269, 47.9631476], [11.838718, 47.9632171], [11.8387251, 47.9632748], [11.8387324, 47.9632846], [11.8389011, 47.9633761], [11.838976, 47.9634128], [11.8390357, 47.9634602], [11.8394583, 47.9638371], [11.8395404, 47.9639044], [11.8395514, 47.963935], [11.8395511, 47.96398], [11.8395168, 47.9640258], [11.8394812, 47.96406], [11.8394545, 47.9640859], [11.8393652, 47.9641721], [11.8393555, 47.9642084], [11.8393664, 47.9642569], [11.8393999, 47.9642766], [11.8394203, 47.9642858], [11.8395271, 47.9643341], [11.8395644, 47.9643563], [11.8396036, 47.96439], [11.8396257, 47.9644229], [11.8396817, 47.9644755], [11.8397245, 47.964499], [11.8397601, 47.964511], [11.8397921, 47.9645141], [11.8398483, 47.9645076], [11.8398937, 47.9644951], [11.8400947, 47.9644065], [11.8401729, 47.9643861], [11.8402301, 47.9643871], [11.8403003, 47.9644099], [11.8403266, 47.9644391], [11.8405916, 47.9643851], [11.8406252, 47.9643883], [11.8410045, 47.9643178], [11.841185, 47.964264], [11.8417026, 47.9641585], [11.841817, 47.9641538], [11.8419549, 47.9641065], [11.8421737, 47.9639573], [11.842187, 47.9639215], [11.8423203, 47.9635619], [11.8423991, 47.9633942], [11.8425627, 47.9633166], [11.8426809, 47.9632604], [11.8434338, 47.9631693], [11.8448953, 47.9628208], [11.8450751, 47.9627396], [11.845118, 47.9626384], [11.845224, 47.9624729], [11.845613, 47.9622086], [11.8456001, 47.9621774], [11.8452968, 47.961455], [11.8452967, 47.9613943], [11.84531, 47.96135], [11.8457065, 47.9613186], [11.8461376, 47.9612937], [11.8466194, 47.9613377], [11.847326, 47.9614087], [11.8476723, 47.9614514], [11.8477954, 47.9614343], [11.8482274, 47.9613912], [11.8484452, 47.9613432], [11.8482989, 47.9612227], [11.8477672, 47.9608191], [11.847543, 47.9606488], [11.8474205, 47.9605129], [11.8473098, 47.9602081], [11.8469032, 47.9601686], [11.8468851, 47.9601034], [11.8469027, 47.9599121], [11.8469597, 47.9596478], [11.8470148, 47.959491], [11.8464902, 47.9594307], [11.8464643, 47.9591991], [11.8464994, 47.959023], [11.8465404, 47.9589426], [11.8470651, 47.9589817], [11.8471338, 47.9588684], [11.8471643, 47.9588367], [11.8471507, 47.9586661], [11.8472945, 47.958398], [11.8474513, 47.9582469], [11.8476181, 47.9581946], [11.8478923, 47.9582515], [11.847922, 47.958264], [11.8480409, 47.958096], [11.8483534, 47.9577413], [11.8484299, 47.9576547], [11.8485286, 47.9575306], [11.8486893, 47.9573623], [11.8487719, 47.9571849], [11.8487869, 47.957131], [11.8488142, 47.9570307], [11.8489995, 47.9570002], [11.8491665, 47.9569682], [11.8492213, 47.9568212], [11.8492843, 47.9566405], [11.8492218, 47.9564308], [11.849247, 47.9562127], [11.8493486, 47.9560529], [11.8494226, 47.9557696], [11.8494361, 47.9556818], [11.8495366, 47.9554423], [11.8495359, 47.9554256], [11.8496419, 47.9553213], [11.8498072, 47.9552071], [11.849829, 47.9551967], [11.8500764, 47.9551191], [11.8504321, 47.9550541], [11.8511012, 47.95492], [11.8514213, 47.9548324], [11.8516095, 47.9547504], [11.8518104, 47.9546469], [11.8519765, 47.9545527], [11.8520794, 47.9544816], [11.8520861, 47.9544734], [11.8519024, 47.9543448], [11.8514049, 47.9539972], [11.8517239, 47.9537183], [11.8518507, 47.9534457], [11.8518347, 47.9530075], [11.8517579, 47.9524831], [11.850996, 47.9521007], [11.8510671, 47.9515525], [11.8510251, 47.9513553], [11.8513241, 47.9512815], [11.8515518, 47.9512235], [11.8514008, 47.9510477], [11.8511212, 47.9505936], [11.8506846, 47.9497971], [11.8505746, 47.9496576], [11.8505207, 47.9494768], [11.8502437, 47.9491997], [11.8497818, 47.9489587], [11.8496299, 47.948852], [11.8494835, 47.9488037], [11.8494374, 47.9487781], [11.8493112, 47.9487611], [11.8492221, 47.9487439], [11.8491621, 47.9487169], [11.8490647, 47.9486575], [11.8489745, 47.9485983], [11.8488199, 47.9485826], [11.8486796, 47.9485649], [11.8485166, 47.9484238], [11.8484233, 47.9483217], [11.8484122, 47.9482879], [11.8482259, 47.948209], [11.8480853, 47.9480972], [11.8481236, 47.9479416], [11.8482322, 47.947775], [11.8484201, 47.9476557], [11.8485556, 47.9475371], [11.8486378, 47.9475006], [11.8489634, 47.9473122], [11.8492727, 47.9470848], [11.8493266, 47.9470191], [11.8494369, 47.9468902], [11.8495953, 47.9468408], [11.8503486, 47.9469822], [11.8504625, 47.9469811], [11.8508271, 47.9468614], [11.85125, 47.9468586], [11.8515972, 47.9467867], [11.8519308, 47.9468023], [11.8519944, 47.9469255], [11.8523046, 47.9472818], [11.8523611, 47.9472886], [11.8527914, 47.9473402], [11.852982, 47.947394], [11.8531708, 47.9474536], [11.8536378, 47.9475263], [11.8536776, 47.9475254], [11.8538702, 47.9474854], [11.8542704, 47.9475412], [11.8548508, 47.9477581], [11.8551772, 47.9477893], [11.8554505, 47.947821], [11.8556434, 47.947909], [11.8559371, 47.9479982], [11.8563719, 47.9481368], [11.8564713, 47.9481764], [11.8565166, 47.9481915], [11.8566094, 47.9482222], [11.8573559, 47.9484653], [11.8585869, 47.9484887], [11.8590809, 47.9484227], [11.8598811, 47.9483159], [11.8599717, 47.9483263], [11.8601861, 47.9483141], [11.8603871, 47.9483227], [11.8606776, 47.9483425], [11.8610723, 47.9484234], [11.861189, 47.9484857], [11.8613055, 47.9485483], [11.861177, 47.9486143], [11.860341, 47.9491057], [11.8602002, 47.9492124], [11.8599344, 47.9493219], [11.8597074, 47.9494274], [11.8594356, 47.9495435], [11.858583, 47.9499107], [11.8581572, 47.9501714], [11.8584803, 47.9504735], [11.8585862, 47.9504957], [11.8590094, 47.9505845], [11.8588342, 47.9511573], [11.8587947, 47.9512866], [11.8588698, 47.9513819], [11.8591746, 47.9517686], [11.8594167, 47.952347], [11.8595929, 47.9523496], [11.8598207, 47.9523529], [11.8603824, 47.9523612], [11.8614684, 47.9524513], [11.86147, 47.9525399], [11.8615285, 47.9528346], [11.861614, 47.9531596], [11.8616196, 47.9531814], [11.8612637, 47.954017], [11.8612282, 47.9541], [11.8613744, 47.9546342], [11.8614227, 47.9548104], [11.8622733, 47.954958], [11.8623134, 47.9549554], [11.8640979, 47.9546907], [11.8640327, 47.9552249], [11.8643171, 47.9555295], [11.8646569, 47.9554467], [11.8647986, 47.9554345], [11.8651711, 47.9554469], [11.8655181, 47.9554174], [11.8656603, 47.9554231], [11.8658744, 47.9554727], [11.8661814, 47.9556101], [11.8663657, 47.9556435], [11.8666464, 47.9555985], [11.8669318, 47.9555894], [11.8672051, 47.9556117], [11.8679636, 47.9555469], [11.8681922, 47.9555704], [11.8683309, 47.9556536], [11.8686515, 47.9556811], [11.8687707, 47.9557136], [11.8688428, 47.9557774], [11.8689152, 47.9559854], [11.8690267, 47.9561582], [11.8690937, 47.9562042], [11.869535, 47.9563896], [11.869942, 47.9564097], [11.8700434, 47.9564768], [11.870151, 47.9564813], [11.8703427, 47.9565331], [11.8705158, 47.9564795], [11.8705992, 47.95647], [11.8707558, 47.9565234], [11.8709854, 47.9565641], [11.8713646, 47.9567519], [11.8714401, 47.9567765], [11.8714701, 47.9567863], [11.8722193, 47.9568893], [11.8724116, 47.9568636], [11.8732971, 47.9554767], [11.8736743, 47.9550745], [11.8738315, 47.9547929], [11.8738858, 47.9544516], [11.8738934, 47.9544031], [11.8738949, 47.9543383], [11.8745483, 47.9543833], [11.875467, 47.954398], [11.8754299, 47.9545109], [11.8753428, 47.9548055], [11.8761704, 47.9549317], [11.8763366, 47.9545831], [11.8763514, 47.9545559], [11.8764059, 47.9544558], [11.8797276, 47.9546143], [11.8799897, 47.9546955], [11.8804639, 47.9548424], [11.8809174, 47.9541619], [11.8809621, 47.9540948], [11.8810049, 47.9540194], [11.8813797, 47.9540984], [11.8819077, 47.954244], [11.8822123, 47.9538317], [11.8822456, 47.9538213], [11.8830514, 47.9535667], [11.8840202, 47.9532541], [11.8842907, 47.9531624], [11.8844834, 47.953084], [11.8842353, 47.9528216], [11.8836117, 47.9521214], [11.8837498, 47.9503282], [11.8840481, 47.9501951], [11.8852195, 47.9496729], [11.8850542, 47.9495874], [11.8849047, 47.9495319], [11.8850553, 47.9494693], [11.8859882, 47.9488011], [11.8860061, 47.9487883], [11.886596, 47.9488127], [11.8873774, 47.9487767], [11.8880556, 47.9488685], [11.8885454, 47.9489085], [11.8892169, 47.9490485], [11.8893265, 47.9489192], [11.8894839, 47.9487355], [11.8903781, 47.9487628], [11.8918763, 47.9488184], [11.8919773, 47.9488228], [11.8923876, 47.9485275], [11.8928014, 47.9482479], [11.8929786, 47.9481026], [11.8931275, 47.948006], [11.8933202, 47.9478889], [11.8933662, 47.9478492], [11.8933766, 47.9477949], [11.8933735, 47.9477878], [11.8933197, 47.9476685], [11.8933106, 47.9475915], [11.8933279, 47.9475463], [11.8933724, 47.9474976], [11.8934768, 47.9474462], [11.8936035, 47.9473738], [11.8936642, 47.9473253], [11.8937245, 47.9472472], [11.8937355, 47.9471964], [11.8937083, 47.9471419], [11.8936272, 47.9470258], [11.8936081, 47.9469901], [11.8935893, 47.9469242], [11.8935892, 47.9468733], [11.8936379, 47.9467354], [11.8936757, 47.9466737], [11.8937944, 47.9465358], [11.8946643, 47.9456064], [11.8947559, 47.9454975], [11.8948209, 47.9453922], [11.8948801, 47.9453088], [11.8949665, 47.9450474], [11.895026, 47.9448876], [11.8950475, 47.9448477], [11.8950907, 47.9448043], [11.8951447, 47.9447679], [11.8952042, 47.9447498], [11.8952582, 47.9447425], [11.8953177, 47.944746], [11.8954853, 47.9448041], [11.8956096, 47.9448404], [11.8957176, 47.9448513], [11.8958366, 47.9448548], [11.8959826, 47.9448403], [11.8963391, 47.9447459], [11.8964039, 47.9447096], [11.8964741, 47.9446769], [11.8966525, 47.9445535], [11.8966633, 47.9444844], [11.8966578, 47.94443], [11.8965604, 47.9441941], [11.8965603, 47.9441542], [11.896582, 47.9441106], [11.8966521, 47.9440598], [11.8971708, 47.9438819], [11.8973978, 47.943791], [11.897468, 47.9437584], [11.897533, 47.9437257], [11.8976194, 47.9436748], [11.8976788, 47.9436386], [11.8977383, 47.9435949], [11.8977868, 47.9435696], [11.8980677, 47.9434461], [11.8982028, 47.9433807], [11.8983594, 47.9432791], [11.8984027, 47.9432464], [11.8985539, 47.9430903], [11.8986133, 47.9430358], [11.8989105, 47.9428398], [11.8991791, 47.9426691], [11.8992077, 47.942651], [11.899321, 47.9425095], [11.8995045, 47.9421355], [11.8995692, 47.9420629], [11.8997638, 47.9419539], [11.8999531, 47.9419013], [11.900049, 47.9418763], [11.9000335, 47.9419191], [11.9001043, 47.9420337], [11.9002556, 47.9422298], [11.9003184, 47.9422659], [11.900402, 47.9422874], [11.900501, 47.942298], [11.9006002, 47.942294], [11.90071, 47.9422574], [11.9008092, 47.9422136], [11.9010391, 47.9420751], [11.9011699, 47.9419876], [11.9012691, 47.9419329], [11.9013089, 47.9418972], [11.901355, 47.9417822], [11.9013688, 47.9417474], [11.9014035, 47.9416276], [11.9014389, 47.9415116], [11.9014777, 47.9414696], [11.9014793, 47.9410947], [11.9014896, 47.9410484], [11.9015261, 47.9410024], [11.9016113, 47.9409713], [11.9017609, 47.9409554], [11.9019271, 47.9409469], [11.9021371, 47.9409568], [11.9023347, 47.9409487], [11.9024099, 47.9409363], [11.9025973, 47.9409057], [11.9026561, 47.9408979], [11.9028209, 47.9408761], [11.9030007, 47.9408369], [11.9031413, 47.940792], [11.9032622, 47.9407604], [11.9034787, 47.9406753], [11.9036426, 47.9406255], [11.9037472, 47.9406154], [11.9039458, 47.9406206], [11.9041192, 47.9406465], [11.9044261, 47.940722], [11.9045665, 47.940742], [11.9046524, 47.9407377], [11.9048294, 47.9407182], [11.9049536, 47.9407384], [11.905193, 47.940839], [11.905498, 47.9409815], [11.905579, 47.9409951], [11.905692, 47.9409974], [11.9057778, 47.9409896], [11.9059862, 47.9409379], [11.9060984, 47.9409051], [11.9062154, 47.9408579], [11.9063976, 47.9408313], [11.9066395, 47.9408256], [11.9069556, 47.9407765], [11.907111, 47.9407502], [11.9073349, 47.9406807], [11.9074039, 47.9406411], [11.907536, 47.9405548], [11.9076148, 47.9404865], [11.9079151, 47.9402032], [11.908097, 47.9401054], [11.908255, 47.9399952], [11.9084011, 47.9399145], [11.9085279, 47.9398503], [11.9086721, 47.9397922], [11.9088044, 47.939728], [11.9089733, 47.9396533], [11.9091189, 47.939605], [11.9092964, 47.9395139], [11.9094345, 47.9393813], [11.9095565, 47.9392847], [11.9098067, 47.9390709], [11.9098727, 47.9390074], [11.9100785, 47.9389019], [11.9102677, 47.9388116], [11.9103927, 47.9387403], [11.9104737, 47.9387025], [11.9105714, 47.9386462], [11.9106422, 47.9385975], [11.9107134, 47.9385339], [11.9107909, 47.938448], [11.9109075, 47.9383025], [11.9110511, 47.9381456], [11.9111389, 47.9380671], [11.9112483, 47.9379809], [11.9113897, 47.9378836], [11.91165, 47.9377443], [11.9118018, 47.9376579], [11.9119964, 47.9375713], [11.9121161, 47.9374924], [11.9122299, 47.9374285], [11.9124023, 47.937368], [11.9126127, 47.9372849], [11.9128545, 47.9372164], [11.9131082, 47.937107], [11.913298, 47.9369982], [11.9136134, 47.9366619], [11.9137118, 47.9365649], [11.9138151, 47.9364972], [11.9138807, 47.9364485], [11.9140268, 47.9363653], [11.9140846, 47.936328], [11.9141733, 47.9362707], [11.9142556, 47.9361953], [11.9143182, 47.9361323], [11.9144478, 47.9359961], [11.9145747, 47.9358458], [11.9148215, 47.9356162], [11.9149586, 47.9354807], [11.9151057, 47.9353676], [11.9152306, 47.9352882], [11.9154108, 47.9351336], [11.9156115, 47.9350087], [11.9160301, 47.9348185], [11.9162338, 47.9347316], [11.9164741, 47.934659], [11.9167301, 47.9346005], [11.916875, 47.9345726], [11.9171406, 47.9345217], [11.917488, 47.934449], [11.9175745, 47.9344325], [11.9182441, 47.9343054], [11.9185817, 47.9342437], [11.9193418, 47.9340937], [11.9195471, 47.9340538], [11.9196437, 47.9340374], [11.9197588, 47.9340132], [11.9199453, 47.9339723], [11.9200757, 47.933924], [11.9202778, 47.9338334], [11.920952, 47.9335904], [11.9221521, 47.933108], [11.9222729, 47.9330407], [11.9223873, 47.9329857], [11.9225713, 47.9329269], [11.9231507, 47.9327114], [11.9237854, 47.932462], [11.9242326, 47.9322788], [11.924433, 47.9321545], [11.9246093, 47.932057], [11.9247579, 47.9319597], [11.9250439, 47.9317464], [11.92524, 47.9315867], [11.9252937, 47.9315842], [11.9254231, 47.9315987], [11.9256528, 47.9316215], [11.9256806, 47.9316206], [11.925992, 47.9315738], [11.9260381, 47.9315591], [11.9265537, 47.9313724], [11.9266003, 47.9313557], [11.9266215, 47.9313458], [11.9267331, 47.9312758], [11.9268121, 47.9312262], [11.9271907, 47.9311861], [11.9272237, 47.931178], [11.9274701, 47.9310765], [11.9275483, 47.9310931], [11.9276475, 47.9310951], [11.9290019, 47.9314632], [11.9290581, 47.9316344], [11.9295101, 47.9317868], [11.929624, 47.9318565], [11.9296794, 47.9319533], [11.9296381, 47.9321136], [11.9294319, 47.9323557], [11.9293082, 47.932637], [11.9291254, 47.9332221], [11.929416, 47.9335184], [11.9293095, 47.9335878], [11.9292502, 47.933618], [11.9290547, 47.9337641], [11.9290352, 47.9337828], [11.9288903, 47.9339199], [11.9286204, 47.9342213], [11.9283785, 47.9345194], [11.9282756, 47.9346659], [11.9282233, 47.9347383], [11.9280113, 47.935086], [11.9279859, 47.9351158], [11.928025, 47.9352731], [11.9281896, 47.9359346], [11.928141, 47.9362825], [11.9280234, 47.936545], [11.927883, 47.9368089], [11.9278502, 47.9368702], [11.9278755, 47.9373994], [11.9278693, 47.9378208], [11.9277452, 47.9380727], [11.9278904, 47.9381236], [11.9279152, 47.9381397], [11.9279356, 47.9381614], [11.9279806, 47.9382228], [11.9280135, 47.938194], [11.9280502, 47.9381758], [11.9281657, 47.9384877], [11.9281734, 47.9385543], [11.9281487, 47.9385838], [11.9280003, 47.9386768], [11.9279584, 47.938715], [11.9279604, 47.9387518], [11.9279862, 47.9387845], [11.9280255, 47.9388199], [11.9281438, 47.9389029], [11.9282759, 47.9389817], [11.9283902, 47.939022], [11.9285364, 47.9390546], [11.9287136, 47.9390873], [11.9287751, 47.9390945], [11.9289152, 47.939102], [11.9290719, 47.9391323], [11.9292385, 47.9391787], [11.929431, 47.9392683], [11.92957, 47.9393192], [11.9296346, 47.9393284], [11.9298946, 47.9393412], [11.9301976, 47.939395], [11.9302651, 47.9394341], [11.9303722, 47.9395232], [11.9304348, 47.9396056], [11.9305084, 47.9396771], [11.9305335, 47.9398132], [11.9305864, 47.9398352], [11.9306614, 47.9399497], [11.9307042, 47.9400152], [11.9307983, 47.9400209], [11.9309603, 47.9399604], [11.9311657, 47.9399654], [11.9314405, 47.9400342], [11.9318238, 47.9402049], [11.9321767, 47.9402312], [11.9323325, 47.9402153], [11.9327634, 47.9401179], [11.9330985, 47.94015], [11.9332506, 47.940093], [11.9334622, 47.9400007], [11.9337755, 47.9398659], [11.9340314, 47.9397557], [11.9342858, 47.9396865], [11.9347152, 47.9397114], [11.9349993, 47.9397813], [11.9361267, 47.9398777], [11.9368063, 47.9399397], [11.9375541, 47.9400468], [11.9376243, 47.9404038], [11.9376397, 47.9404817], [11.9376407, 47.9408399], [11.9377069, 47.9412076], [11.9377094, 47.9412209], [11.9380271, 47.9416214], [11.9391994, 47.9417024], [11.9392051, 47.9418654], [11.9392439, 47.9428273], [11.9392549, 47.9430985], [11.9396942, 47.9431047], [11.94028, 47.9427975], [11.9403851, 47.9427404], [11.9405576, 47.942696], [11.9408243, 47.942472], [11.9412079, 47.9422722], [11.9413451, 47.9422289], [11.9416143, 47.9420608], [11.9418147, 47.9419969], [11.9420207, 47.9419708], [11.9423772, 47.9419802], [11.9431656, 47.9420835], [11.9435246, 47.9420236], [11.9437083, 47.9420319], [11.944006, 47.9419855], [11.9444289, 47.9419822], [11.9445264, 47.9420549], [11.944614, 47.942082], [11.9448514, 47.9420925], [11.9449216, 47.9422222], [11.9450045, 47.942285], [11.9455838, 47.9423391], [11.9459353, 47.9424199], [11.9461364, 47.9425011], [11.946232, 47.9426206], [11.94645, 47.9430853], [11.9462741, 47.9430752], [11.9462984, 47.9432301], [11.9462964, 47.9432709], [11.9461868, 47.9440994], [11.9460432, 47.9452952], [11.9446088, 47.9451746], [11.9433235, 47.945128], [11.9432727, 47.9451896], [11.9428576, 47.9456933], [11.9427803, 47.9457873], [11.9426827, 47.9462526], [11.942044, 47.9460286], [11.9415481, 47.9458547], [11.9409929, 47.9458165], [11.9406353, 47.9466054], [11.940598, 47.9467117], [11.9401991, 47.9478485], [11.9400608, 47.9481825], [11.9400074, 47.9483112], [11.9391649, 47.9489078], [11.9387122, 47.949277], [11.9375501, 47.9507329], [11.9371624, 47.9513506], [11.9369847, 47.9516338], [11.9369473, 47.9516941], [11.9365607, 47.9524523], [11.9359078, 47.9537321], [11.9364424, 47.9534715], [11.9368043, 47.9531122], [11.9376469, 47.9530516], [11.937251, 47.9540475], [11.9368055, 47.9551297], [11.9369572, 47.9565169], [11.9362531, 47.9564558], [11.9366323, 47.9581833], [11.9368443, 47.9585597], [11.9369281, 47.9587086], [11.9370097, 47.9591678], [11.9362952, 47.9594435], [11.9362566, 47.9594583], [11.9356275, 47.9595287], [11.9352633, 47.959446], [11.9351756, 47.9595479], [11.9351061, 47.9596286], [11.9350159, 47.9597337], [11.9347526, 47.9600405], [11.9346345, 47.9603718], [11.934641, 47.9603815], [11.9347372, 47.9607514], [11.9347657, 47.9607937], [11.9348799, 47.9609629], [11.9349386, 47.9610335], [11.9349597, 47.9610587], [11.9349719, 47.9611301], [11.9355492, 47.9613903], [11.9360369, 47.9614951], [11.9371312, 47.9616722], [11.936733, 47.9623704], [11.9362938, 47.9631401], [11.9359053, 47.963821], [11.9356798, 47.9643805], [11.9345659, 47.9643285], [11.9337657, 47.9642661], [11.9337224, 47.9642561], [11.9335497, 47.9642512], [11.9330596, 47.964237], [11.9330497, 47.9642861], [11.9325631, 47.9660079], [11.9330383, 47.96605], [11.9329206, 47.9664779], [11.9329106, 47.9665148], [11.932765, 47.9670593], [11.9326947, 47.9673226], [11.93267, 47.9673782], [11.9324501, 47.9678743], [11.9320841, 47.9685068], [11.9318552, 47.9689015], [11.9313253, 47.9688126], [11.9310647, 47.9690174], [11.9308848, 47.9691587], [11.9306652, 47.9694799], [11.9306802, 47.9698207], [11.9309232, 47.9701433], [11.9308311, 47.9704655], [11.9308597, 47.9708176], [11.9312956, 47.9714974], [11.9313563, 47.9715967], [11.9307635, 47.9718517], [11.9303377, 47.9717391], [11.9297911, 47.9716351], [11.9294085, 47.9723555], [11.9299979, 47.9725214], [11.930499, 47.9726019], [11.9309803, 47.972663], [11.9314151, 47.972658], [11.9317037, 47.9726636], [11.9318607, 47.972655], [11.9318636, 47.972899], [11.93187, 47.9734397], [11.9319034, 47.9746354], [11.9319136, 47.9752054], [11.9319142, 47.9753378], [11.9318847, 47.9755313], [11.9317881, 47.975904], [11.931625, 47.9762178], [11.9312794, 47.9768595], [11.9312466, 47.9769213], [11.9311534, 47.9771083], [11.9307812, 47.9776338], [11.9304534, 47.9781906], [11.930267, 47.9784415], [11.9300302, 47.9786664], [11.929848, 47.978862], [11.9298212, 47.9788908], [11.929426, 47.9793428], [11.9290783, 47.9797209], [11.9288138, 47.9799879], [11.9287095, 47.9800933], [11.9279883, 47.9809105], [11.9277068, 47.981257], [11.9275363, 47.9814882], [11.9274416, 47.9816604], [11.9273792, 47.9817736], [11.9272001, 47.9821227], [11.9271797, 47.9821786], [11.9271099, 47.9823594], [11.9270697, 47.9825257], [11.9269881, 47.9828074], [11.9268887, 47.9831941], [11.926823, 47.9834273], [11.92674, 47.9836738], [11.92661, 47.9840137], [11.9268561, 47.9843804], [11.9272785, 47.9850101], [11.9274113, 47.9852111], [11.9279655, 47.9851939], [11.928585, 47.9862719], [11.9288736, 47.9867742], [11.9289589, 47.9869229], [11.9286, 47.9873132], [11.9281844, 47.9877652], [11.9290053, 47.9885726], [11.9290922, 47.9887152], [11.9292127, 47.9888349], [11.9295163, 47.9891715], [11.9296988, 47.9894068], [11.9299512, 47.9896533], [11.9300197, 47.9897165], [11.9300938, 47.9899128], [11.9301162, 47.9899455], [11.9305134, 47.9897596], [11.9305282, 47.9897833], [11.9307279, 47.990248], [11.9307756, 47.9904805], [11.930956, 47.9910192], [11.9313977, 47.9916827], [11.9322215, 47.9924609], [11.9328375, 47.9931033], [11.9335871, 47.9927291], [11.9338029, 47.9928005], [11.9340143, 47.99288], [11.9342146, 47.9929707], [11.934478, 47.9931052], [11.9346371, 47.9931922], [11.9347113, 47.9932326], [11.9351035, 47.9934728], [11.9349923, 47.9944321], [11.9349689, 47.9945655], [11.9349586, 47.994624], [11.937272, 47.9936042], [11.9387524, 47.9929516], [11.9392895, 47.99273], [11.940222, 47.9922919], [11.9410025, 47.9917787], [11.9413635, 47.9915249], [11.9414064, 47.9914946], [11.9414408, 47.9914696], [11.941797, 47.9912111], [11.9424207, 47.9907849], [11.9442322, 47.9895468], [11.9443173, 47.9894886], [11.9447727, 47.9891724], [11.949671, 47.9857006], [11.9502684, 47.9853023], [11.950604, 47.985133], [11.9508368, 47.9850558], [11.951295, 47.9849409], [11.9545215, 47.9840846], [11.9548769, 47.9840156], [11.9550311, 47.9839907], [11.9553195, 47.9840295], [11.9587188, 47.9847158], [11.9588343, 47.9846539], [11.9589281, 47.98457], [11.9590095, 47.9844967], [11.9590787, 47.9844363], [11.9594698, 47.9845746], [11.9597254, 47.9846639], [11.9598062, 47.9846922], [11.9600017, 47.9847611], [11.9600967, 47.9847342], [11.9601974, 47.9847116], [11.9603452, 47.9846785], [11.9604993, 47.984644], [11.9607499, 47.9846106], [11.9607719, 47.9846077], [11.9610753, 47.9845904], [11.961503, 47.9845867], [11.9620588, 47.9846052], [11.9622766, 47.9846327], [11.9623262, 47.9845483], [11.962495, 47.9842648], [11.9625483, 47.9841987], [11.9625759, 47.9841316], [11.9625751, 47.9840461], [11.9625591, 47.9839695], [11.9625749, 47.9839093], [11.9624998, 47.9836829], [11.9632286, 47.9833684], [11.9637892, 47.983143], [11.9638579, 47.9832852], [11.9638938, 47.9834862], [11.9639745, 47.9836593], [11.9640584, 47.9838061], [11.9641729, 47.9839731], [11.9642749, 47.9838848], [11.9644097, 47.9837898], [11.9647528, 47.9835482], [11.9668386, 47.9836416], [11.967856, 47.9835454], [11.9682279, 47.9833092], [11.9684788, 47.9831499], [11.9684629, 47.9829631], [11.9686686, 47.9824022], [11.9688846, 47.981813], [11.9688328, 47.9813538], [11.9687985, 47.9811156], [11.9690318, 47.9807421], [11.9690845, 47.9805284], [11.9689365, 47.9803829], [11.9689261, 47.9802777], [11.9690501, 47.9797648], [11.9691656, 47.9796496], [11.9693462, 47.97941], [11.9693078, 47.9793207], [11.9693266, 47.9792956], [11.9693703, 47.9791724], [11.9693792, 47.979079], [11.9693728, 47.9789494], [11.9693377, 47.9788277], [11.9690764, 47.9784109], [11.96904, 47.9783416], [11.9690318, 47.9782645], [11.9690349, 47.9781685], [11.9690475, 47.9780643], [11.9690816, 47.9779497], [11.9691049, 47.9779054], [11.9692228, 47.9776813], [11.9692455, 47.9776486], [11.9696889, 47.9776894], [11.9698625, 47.9778051], [11.9700403, 47.9777807], [11.9704025, 47.9778826], [11.9712057, 47.978157], [11.971791, 47.9781578], [11.9723212, 47.9783206], [11.9725738, 47.9782488], [11.9730401, 47.9781139], [11.9730304, 47.9779801], [11.9730403, 47.9776743], [11.9730756, 47.9775933], [11.9732031, 47.9773244], [11.9732633, 47.9772341], [11.9734044, 47.9772724], [11.9734595, 47.9772889], [11.9735587, 47.9771332], [11.9735785, 47.9770865], [11.9736529, 47.9770082], [11.9739609, 47.9767706], [11.9743757, 47.9764469], [11.9745802, 47.9762596], [11.9746658, 47.9761597], [11.974718, 47.9760547], [11.9747268, 47.9759653], [11.9747757, 47.9759677], [11.9751002, 47.9759836], [11.9752111, 47.9756983], [11.9754766, 47.9750936], [11.9755612, 47.9749008], [11.9757384, 47.9745254], [11.9757853, 47.9744417], [11.975887, 47.9742604], [11.97617, 47.9739083], [11.9765763, 47.9735399], [11.9768151, 47.9733235], [11.9766729, 47.9732696], [11.9767185, 47.9732282], [11.9769157, 47.9730213], [11.9769512, 47.9729643], [11.977148, 47.9729302], [11.9773396, 47.9728971], [11.977511, 47.9727652], [11.9779045, 47.9724736], [11.9782342, 47.9722417], [11.9787678, 47.9719725], [11.9789319, 47.9718978], [11.9790693, 47.9718611], [11.9791284, 47.9718496], [11.979149, 47.9718469], [11.9792891, 47.9718489], [11.9793711, 47.9718611], [11.9794104, 47.9718734], [11.9795246, 47.9719258], [11.9795852, 47.9719537], [11.9796179, 47.9719772], [11.9797094, 47.9720375], [11.9798157, 47.9720448], [11.9798439, 47.9720259], [11.9799208, 47.971974], [11.9799452, 47.9719067], [11.980692, 47.9711158], [11.9810028, 47.9707856], [11.9811232, 47.9708695], [11.9815201, 47.9711419], [11.9819208, 47.9714167], [11.9819803, 47.9714575], [11.9814504, 47.971947], [11.9818131, 47.972165], [11.9820121, 47.9722847], [11.9825677, 47.9720496], [11.9829732, 47.9718779], [11.9834688, 47.9714235], [11.984274, 47.9712003], [11.9847669, 47.9711634], [11.9856871, 47.970983], [11.9860259, 47.9709574], [11.9861963, 47.9709222], [11.9863158, 47.9709693], [11.9866362, 47.9710959], [11.9876865, 47.9710867], [11.9880801, 47.9704071], [11.9881501, 47.969998], [11.988192, 47.9697542], [11.9881988, 47.96931], [11.9881958, 47.9685775], [11.9881751, 47.9681469], [11.9886643, 47.9671338], [11.989699, 47.9663377], [11.9903644, 47.9660444], [11.9908048, 47.9658493], [11.990989, 47.965934], [11.9911766, 47.965999], [11.9913687, 47.96608], [11.991561, 47.9661608], [11.9916084, 47.9660337], [11.9916391, 47.9659853], [11.9917124, 47.9659223], [11.991883, 47.9657868], [11.9936934, 47.9656401], [11.9940457, 47.9651403], [11.9933264, 47.9646717], [11.9931702, 47.9645698], [11.994874, 47.9634757], [11.9969071, 47.9621286], [11.9977335, 47.9615332], [11.9985616, 47.9609365], [11.9989109, 47.9607344], [11.9985615, 47.9605494], [11.996914, 47.9597524], [11.996801, 47.9596863], [11.9968126, 47.9596782], [11.9969568, 47.9595566], [11.9970362, 47.959494], [11.9973896, 47.9591994], [11.997405, 47.9591801], [11.9975061, 47.9589407], [11.9975878, 47.9585912], [11.9976269, 47.9584714], [11.9977052, 47.9583312], [11.9978215, 47.9582617], [11.9980611, 47.9580797], [11.9985616, 47.9576529], [11.999181, 47.9572979], [11.999734, 47.9571521], [11.9998034, 47.9570408], [11.9998436, 47.9568384], [12.0001775, 47.9566537], [12.0003171, 47.9559516], [12.0007338, 47.9540877], [12.0029566, 47.9542435], [12.002948, 47.9544173], [12.0031256, 47.9544172], [12.0038231, 47.9544383], [12.0037958, 47.9547056], [12.0036015, 47.9567262], [12.0035767, 47.9570278], [12.0035461, 47.9572837], [12.0035575, 47.957464], [12.0037178, 47.9583768], [12.0037928, 47.9588549], [12.003963, 47.9591047], [12.0045908, 47.9593461], [12.0046335, 47.9594036], [12.0046442, 47.9597232], [12.00458, 47.9597735], [12.0043662, 47.9603303], [12.004329, 47.9604344], [12.0042541, 47.960632], [12.0041632, 47.9609373], [12.004115, 47.961099], [12.0039867, 47.9613934], [12.0038371, 47.9616018], [12.0037621, 47.9618173], [12.0035161, 47.9624495], [12.0035162, 47.9627205], [12.0035799, 47.9627103], [12.0051572, 47.962655], [12.0072485, 47.9625837], [12.009269, 47.9624792], [12.0094436, 47.9624731], [12.0094663, 47.9624745], [12.009516, 47.962483], [12.0099305, 47.9619499], [12.0105787, 47.9613221], [12.0108439, 47.9610654], [12.0111542, 47.9608257], [12.0117344, 47.9603651], [12.0122878, 47.9600506], [12.0132142, 47.9597532], [12.0138446, 47.9595134], [12.0147494, 47.9591971], [12.0148362, 47.9591693], [12.0150736, 47.9590774], [12.0155761, 47.9588878], [12.0159148, 47.9587717], [12.0159067, 47.9589524], [12.0158924, 47.9592664], [12.0159002, 47.9594844], [12.0159037, 47.9595707], [12.0159768, 47.9596017], [12.0181694, 47.9604411], [12.0190804, 47.9608883], [12.0200583, 47.9613489], [12.0205296, 47.9613497], [12.021057, 47.9612988], [12.0220598, 47.9613491], [12.0221299, 47.9615037], [12.0231503, 47.9635684], [12.0231691, 47.9636064], [12.0231711, 47.9636176], [12.023229, 47.9637485], [12.0224804, 47.9638156], [12.0224373, 47.9638645], [12.0223161, 47.9639951], [12.0223503, 47.964107], [12.0224558, 47.9644823], [12.0226089, 47.9650484], [12.0226528, 47.9652132], [12.0229571, 47.9661747], [12.0231527, 47.966484], [12.023436, 47.967198], [12.0234762, 47.9672918], [12.0235457, 47.9674498], [12.0237725, 47.9678781], [12.0238431, 47.9680332], [12.0239151, 47.9681917], [12.0240491, 47.9684864], [12.0241583, 47.968727], [12.0241731, 47.9687593], [12.0242447, 47.9688826], [12.0243607, 47.9689177], [12.0254608, 47.9691585], [12.0254868, 47.9691639], [12.0256406, 47.9691703], [12.0257211, 47.9691738], [12.0257321, 47.9693303], [12.0257686, 47.9696275], [12.0258162, 47.9699277], [12.0258712, 47.9701922], [12.025919, 47.9703261], [12.0260663, 47.9705811], [12.0262839, 47.9708098], [12.0264018, 47.970909], [12.0265048, 47.9710026], [12.026682, 47.9711087], [12.026848, 47.9712223], [12.0269497, 47.9712126], [12.0271669, 47.9711829], [12.0307288, 47.9709025], [12.0308586, 47.9708985], [12.0314186, 47.9708811], [12.0314482, 47.9708802], [12.0321774, 47.9708574], [12.0323682, 47.9708474], [12.0340402, 47.9707603], [12.0349875, 47.9707108], [12.0352535, 47.9706994], [12.0360766, 47.9706645], [12.036448, 47.9706402], [12.0366654, 47.9706253], [12.0380205, 47.9705301], [12.0420114, 47.9702969], [12.0431456, 47.9702144], [12.0433089, 47.9702025], [12.0449764, 47.9700345], [12.0467923, 47.9699153], [12.0478897, 47.9697641], [12.0484318, 47.9697497], [12.0493677, 47.9698422], [12.050621, 47.9700562], [12.0508604, 47.9700897], [12.0515035, 47.9701668], [12.0519741, 47.9702334], [12.0526257, 47.9702823], [12.0535841, 47.9702329], [12.0566612, 47.9700429], [12.0573526, 47.9699858], [12.0576543, 47.9699676], [12.058556, 47.969954], [12.0591154, 47.9699606], [12.0596081, 47.969942], [12.0602406, 47.9699225], [12.0604303, 47.9699317], [12.061697, 47.9701702], [12.0621066, 47.9702924], [12.06245, 47.9704345], [12.0628045, 47.9706023], [12.0630778, 47.9707584], [12.0632853, 47.9709155], [12.0636911, 47.9713595], [12.06408, 47.9719211], [12.0647226, 47.9731846], [12.064858, 47.9735517], [12.0649217, 47.9738861], [12.0649285, 47.9739558], [12.0658601, 47.9739026], [12.0658656, 47.9742941], [12.0660881, 47.9742921], [12.0661727, 47.9742914], [12.0667157, 47.9742866], [12.0668195, 47.9742857], [12.0668431, 47.9738263], [12.0681196, 47.9738283], [12.0681142, 47.9739896], [12.0680967, 47.9741383], [12.0680446, 47.9743575], [12.0680012, 47.9744578], [12.0682068, 47.9744967], [12.0682452, 47.974504], [12.0684853, 47.9745505], [12.0684975, 47.9745707], [12.0687014, 47.9749098], [12.0690404, 47.9754731], [12.0704027, 47.9754406], [12.0710507, 47.9754252], [12.0710905, 47.975621], [12.0717687, 47.9755414], [12.0727807, 47.9756022], [12.0723051, 47.9769579], [12.0721947, 47.9772182], [12.0719131, 47.9776532], [12.071808, 47.977936], [12.071733, 47.9782571], [12.0717698, 47.9792247], [12.0717692, 47.9792819], [12.0717416, 47.979656], [12.0717484, 47.9797806], [12.0717866, 47.9798748], [12.0718791, 47.9798887], [12.0718112, 47.9802752], [12.0717267, 47.9803948], [12.0714829, 47.9805988], [12.0709382, 47.9809588], [12.0707295, 47.9811014], [12.0698176, 47.9817167], [12.0692927, 47.9820637], [12.0691238, 47.982209], [12.0690725, 47.9822532], [12.0690698, 47.9823196], [12.069394, 47.9830869], [12.0694007, 47.9831471], [12.0694033, 47.9831708], [12.0694004, 47.9831782], [12.0694422, 47.9832915], [12.0695893, 47.9836928], [12.0704221, 47.9860903], [12.0704727, 47.9862161], [12.070547, 47.9865044], [12.0705476, 47.9865312], [12.0705497, 47.9866242], [12.0705512, 47.9867396], [12.0707315, 47.9870752], [12.0709422, 47.9873315], [12.0711042, 47.9874818], [12.0718462, 47.9880037], [12.0728148, 47.9885724], [12.0728668, 47.9885874], [12.0730061, 47.988597], [12.0731044, 47.9886353], [12.0733595, 47.9886945], [12.0734734, 47.9887189], [12.0745858, 47.9888217], [12.0755354, 47.9889453], [12.0759809, 47.9889735], [12.077862, 47.9890276], [12.0780186, 47.9890439], [12.0781936, 47.9890586], [12.0784113, 47.9887504], [12.0787418, 47.988355], [12.0789958, 47.9881406], [12.0803814, 47.9889807], [12.0806716, 47.9891404], [12.0813973, 47.98958], [12.0815738, 47.9895233], [12.0821315, 47.9893346], [12.0847794, 47.9883337], [12.0855278, 47.9880195], [12.0868061, 47.9880418], [12.0870895, 47.9880583], [12.0874518, 47.988557], [12.0884178, 47.9886569], [12.0892531, 47.9890473], [12.0894309, 47.9890604], [12.090897, 47.9891694], [12.0918547, 47.9894221], [12.0919963, 47.9902942], [12.0920302, 47.9905026], [12.0919586, 47.9909018], [12.0918607, 47.9914243], [12.0918534, 47.9916134], [12.0917605, 47.9940037], [12.092699, 47.9947174], [12.0930585, 47.9944769], [12.094038, 47.9952567], [12.0955573, 47.9938073], [12.096436, 47.9929978], [12.0971721, 47.9925293], [12.0975679, 47.9924551], [12.0976072, 47.9924412], [12.0976776, 47.9924244], [12.0977664, 47.9924031], [12.0978306, 47.9924002], [12.0980229, 47.9924028], [12.0983014, 47.9924096], [12.0983647, 47.9924112], [12.0986961, 47.9925542], [12.0987712, 47.9926399], [12.0988459, 47.9927391], [12.0989182, 47.9928162], [12.0992001, 47.9930714], [12.0995879, 47.9933088], [12.0995154, 47.9934169], [12.0993106, 47.9934948], [12.0991083, 47.9935609], [12.0992091, 47.9937693], [12.100147, 47.9955271], [12.1000376, 47.9958796], [12.0998298, 47.9966215], [12.0993633, 47.9967634], [12.0992308, 47.9968036], [12.0988353, 47.996285], [12.0969758, 47.9967209], [12.0959796, 47.9968052], [12.0952197, 47.9968625], [12.0940797, 47.9970004], [12.0939566, 47.9974109], [12.09387, 47.9976998], [12.0942505, 47.9977406], [12.0943953, 47.9986326], [12.0947122, 47.9987801], [12.0947421, 47.9987666], [12.0950317, 47.9987028], [12.0953508, 47.9984469], [12.0953789, 47.9984788], [12.0956671, 47.9988783], [12.095823, 47.9991357], [12.0959862, 47.9996742], [12.0960203, 48.0003879], [12.0961486, 48.0004961], [12.0964751, 48.0007709], [12.0968954, 48.0008443], [12.0969215, 48.0012987], [12.0966239, 48.0016071], [12.0964743, 48.0017427], [12.0963262, 48.0018884], [12.0963977, 48.0019948], [12.0964695, 48.0021011], [12.0967429, 48.0025676], [12.0967344, 48.0026224], [12.096695, 48.0028776], [12.0964427, 48.0031384], [12.0961357, 48.0033909], [12.096015, 48.00349], [12.0957111, 48.0039233], [12.0959193, 48.0045933], [12.0978457, 48.0045938], [12.0981281, 48.004594], [12.0981357, 48.0052168], [12.0981465, 48.0054212], [12.0978497, 48.0054103], [12.0967371, 48.0054887], [12.097056, 48.0061055], [12.0969892, 48.0065125], [12.0968786, 48.006955], [12.097159, 48.0074103], [12.0966276, 48.008462], [12.0965009, 48.0088168], [12.0966806, 48.0096649], [12.0972517, 48.0097906], [12.0973018, 48.0101611], [12.0973195, 48.0102921], [12.0980481, 48.0108793], [12.0981576, 48.0109678], [12.0982154, 48.0115227], [12.0974024, 48.0114232], [12.0972906, 48.0114981], [12.0971001, 48.0115644], [12.0964784, 48.0116773], [12.0963347, 48.0117195], [12.0962119, 48.0117555], [12.0960925, 48.0117965], [12.0957601, 48.0119103], [12.0946682, 48.0124998], [12.093194, 48.0132612], [12.0929938, 48.0133666], [12.0926148, 48.0132561], [12.0924193, 48.0128847], [12.0910844, 48.0132418], [12.0906947, 48.0128938], [12.0904816, 48.0125222], [12.0903407, 48.0125561], [12.0899748, 48.0126118], [12.0894162, 48.0127368], [12.0892176, 48.0127452], [12.0878787, 48.0128011], [12.0861982, 48.012857], [12.0863186, 48.0134501], [12.0866585, 48.0147804], [12.0866358, 48.0148394], [12.0865696, 48.0150119], [12.0867937, 48.0151319], [12.0884663, 48.0160039], [12.0874208, 48.0157759], [12.0864345, 48.0155609], [12.0862737, 48.0156514], [12.0860151, 48.0158304], [12.0859901, 48.0158523], [12.0855788, 48.0162116], [12.0852072, 48.0162913], [12.085187, 48.0162945], [12.0851684, 48.0162974], [12.0849411, 48.0163784], [12.0849196, 48.0163898], [12.0848142, 48.0164703], [12.0847384, 48.0165697], [12.0846556, 48.0166229], [12.0845556, 48.0166579], [12.0843854, 48.0167134], [12.0843539, 48.0167315], [12.0842853, 48.0167848], [12.0842424, 48.0168005], [12.0841721, 48.0168221], [12.0841573, 48.0167392], [12.0841138, 48.016709], [12.0840455, 48.016676], [12.0839411, 48.0166674], [12.0838025, 48.0166681], [12.0836289, 48.0166528], [12.0835204, 48.0166286], [12.0833612, 48.0165974], [12.0831717, 48.0165298], [12.0830629, 48.0164715], [12.0828546, 48.0163529], [12.0826494, 48.0163176], [12.0823232, 48.0162574], [12.0821164, 48.0162242], [12.0819517, 48.0161305], [12.0819298, 48.0160503], [12.0819515, 48.0160012], [12.082029, 48.0159314], [12.082139, 48.0159408], [12.0823942, 48.0159718], [12.0824515, 48.015956], [12.0825012, 48.0159102], [12.0825245, 48.0158799], [12.0825446, 48.015832], [12.0825429, 48.0157903], [12.0825041, 48.0157444], [12.0823951, 48.0156507], [12.0823625, 48.0155987], [12.0823918, 48.0155173], [12.0824694, 48.0154787], [12.0825712, 48.015466], [12.0823987, 48.0154345], [12.0822515, 48.0154652], [12.0813469, 48.0157766], [12.0810099, 48.0158831], [12.080909, 48.0159019], [12.0807584, 48.0159187], [12.0806185, 48.0158979], [12.0804303, 48.015823], [12.0803776, 48.0157897], [12.0802329, 48.0155423], [12.080222, 48.0155436], [12.0800623, 48.0156052], [12.0798668, 48.0157123], [12.0798507, 48.0157267], [12.0797851, 48.0157652], [12.0797634, 48.0157751], [12.0797195, 48.0157903], [12.0797445, 48.0158855], [12.0799648, 48.0165309], [12.0799904, 48.0166056], [12.0782629, 48.0172772], [12.0774453, 48.0175645], [12.0772858, 48.0177056], [12.0769077, 48.0180778], [12.0768266, 48.0181653], [12.0780818, 48.018746], [12.0781057, 48.0187534], [12.0781311, 48.018758], [12.0782191, 48.0187603], [12.0782467, 48.0187587], [12.0782615, 48.0187564], [12.0783612, 48.0187375], [12.0784327, 48.0187236], [12.0787797, 48.0186285], [12.0787336, 48.0188318], [12.0787319, 48.0188471], [12.0787351, 48.0188676], [12.0787581, 48.0189367], [12.0788051, 48.0190046], [12.0788261, 48.0190266], [12.0788447, 48.0190391], [12.0788614, 48.0190472], [12.0791171, 48.0191546], [12.079646, 48.0193244], [12.0799053, 48.0194529], [12.0800348, 48.0195171], [12.0819044, 48.0206898], [12.0821575, 48.0208894], [12.0829422, 48.0212133], [12.0840549, 48.0205349], [12.0846063, 48.020216], [12.0852322, 48.0203637], [12.0855576, 48.0204119], [12.0856524, 48.0204258], [12.0857125, 48.0205082], [12.0858833, 48.0207073], [12.0859216, 48.0207482], [12.0859816, 48.0207901], [12.0860255, 48.0208161], [12.0860892, 48.0208376], [12.0861388, 48.0208472], [12.0862062, 48.0208357], [12.0863982, 48.0208138], [12.0867225, 48.0207499], [12.0868962, 48.0206916], [12.087072, 48.0206232], [12.0871509, 48.0206045], [12.0872302, 48.0206013], [12.0872939, 48.0206164], [12.0873677, 48.0206537], [12.0873918, 48.0206878], [12.087601, 48.0210859], [12.0877853, 48.0214802], [12.0878295, 48.0215997], [12.0878593, 48.0216377], [12.0878629, 48.0217824], [12.0879751, 48.022004], [12.0879406, 48.0220555], [12.0878815, 48.0220921], [12.0878413, 48.0221039], [12.087772, 48.0220875], [12.0871136, 48.0217794], [12.0870612, 48.021782], [12.0870097, 48.0217941], [12.0869512, 48.0218323], [12.0868222, 48.0219256], [12.0866963, 48.0220234], [12.0866151, 48.0221101], [12.0866063, 48.0221523], [12.0866284, 48.0221833], [12.0867141, 48.0222073], [12.0867948, 48.022228], [12.0869735, 48.0222903], [12.0870753, 48.0223226], [12.0871883, 48.0223515], [12.087256, 48.0223817], [12.0873177, 48.0224258], [12.0873476, 48.0224691], [12.0873638, 48.0225262], [12.087388, 48.0226143], [12.0873906, 48.0226569], [12.0874369, 48.0227105], [12.0875621, 48.0228192], [12.0876242, 48.0228895], [12.0876188, 48.0229411], [12.0875957, 48.0229828], [12.0874478, 48.0230451], [12.0873703, 48.0230586], [12.0873037, 48.0230558], [12.0872472, 48.0230231], [12.0872068, 48.0229739], [12.0871648, 48.0228893], [12.0871006, 48.0228586], [12.0870377, 48.0228527], [12.0868712, 48.0229184], [12.0868379, 48.0229575], [12.0868381, 48.0229961], [12.0868835, 48.0230511], [12.086964, 48.0231145], [12.0870003, 48.0231887], [12.0869694, 48.0232526], [12.0868544, 48.0233243], [12.0867908, 48.0234003], [12.0867633, 48.0235179], [12.0867192, 48.0235793], [12.0866082, 48.0236223], [12.0865478, 48.0236397], [12.0864072, 48.0236572], [12.0863312, 48.0236495], [12.0863221, 48.0236473], [12.0862646, 48.023622], [12.0861567, 48.0235278], [12.0860554, 48.0234943], [12.0859854, 48.0234876], [12.0859321, 48.0234946], [12.0858715, 48.0235137], [12.0856806, 48.0236318], [12.0850283, 48.0239734], [12.0849492, 48.0239689], [12.0848747, 48.0239485], [12.0847332, 48.0238824], [12.0846329, 48.0238523], [12.084568, 48.023827], [12.0844709, 48.0238055], [12.0843843, 48.0238002], [12.0843265, 48.0238216], [12.0842205, 48.0239097], [12.0841376, 48.0239302], [12.0840211, 48.0239562], [12.0837114, 48.0239867], [12.0836301, 48.0239896], [12.0835032, 48.0239564], [12.083317, 48.0239188], [12.0832071, 48.0239431], [12.0831301, 48.0239847], [12.0830839, 48.0240485], [12.0830712, 48.0241387], [12.0830809, 48.0242253], [12.0830345, 48.0243622], [12.0830486, 48.0244208], [12.0830647, 48.0244497], [12.0834569, 48.0244742], [12.0835228, 48.0245263], [12.0835285, 48.0245713], [12.0834837, 48.0246564], [12.0833164, 48.0248224], [12.0832209, 48.0248966], [12.0831429, 48.0248834], [12.0830939, 48.0248619], [12.0830527, 48.0248188], [12.0829672, 48.0247937], [12.082882, 48.0247996], [12.0829736, 48.0246453], [12.0828915, 48.0246018], [12.0825858, 48.0246176], [12.082469, 48.0246589], [12.0823234, 48.0246717], [12.0822422, 48.0246349], [12.0821759, 48.0246275], [12.0821133, 48.0246347], [12.0820674, 48.0246365], [12.0820068, 48.0246107], [12.0819339, 48.0245706], [12.0817446, 48.0245568], [12.0817027, 48.0245396], [12.0816526, 48.0244998], [12.0816118, 48.0244247], [12.0815851, 48.0243965], [12.0815198, 48.0243792], [12.0812596, 48.0243473], [12.081146, 48.0243458], [12.0811017, 48.0243653], [12.081038, 48.0244021], [12.0809888, 48.024414], [12.0809319, 48.0244125], [12.0808777, 48.0243789], [12.0808453, 48.024331], [12.0807967, 48.024279], [12.0807266, 48.0242458], [12.0806359, 48.0241721], [12.0805658, 48.0241389], [12.0805005, 48.0241483], [12.0804277, 48.0241865], [12.0803612, 48.024213], [12.0803068, 48.0242144], [12.0801116, 48.024151], [12.0800482, 48.0241437], [12.0799455, 48.0241739], [12.0798319, 48.0241739], [12.0797373, 48.024149], [12.0796357, 48.0240831], [12.0790466, 48.0240304], [12.0789984, 48.0240225], [12.0788411, 48.0239368], [12.0782261, 48.0236588], [12.0780616, 48.0234776], [12.0778177, 48.0230005], [12.0775657, 48.0225077], [12.0774937, 48.0223756], [12.0761911, 48.0227869], [12.0755244, 48.0228102], [12.0746791, 48.0231146], [12.0745164, 48.0231731], [12.0744622, 48.0232698], [12.0737848, 48.0244777], [12.0742271, 48.0247649], [12.0748839, 48.0250128], [12.075086, 48.0253271], [12.0752977, 48.0255259], [12.0753761, 48.0255814], [12.0757527, 48.0260846], [12.076028, 48.0263674], [12.0760397, 48.0263854], [12.0761016, 48.0265521], [12.0760992, 48.0267631], [12.0760924, 48.0267849], [12.0760831, 48.0268473], [12.0760443, 48.0270938], [12.0761493, 48.0273295], [12.0763214, 48.0276507], [12.0765249, 48.027918], [12.0765366, 48.0279292], [12.0768702, 48.0281665], [12.0775384, 48.0285411], [12.0778894, 48.029414], [12.0793489, 48.0305427], [12.0801998, 48.0313329], [12.0804059, 48.0313694], [12.0806565, 48.0316654], [12.0807649, 48.0318912], [12.0810959, 48.0325613], [12.0812929, 48.0328429], [12.080006, 48.0330815], [12.0798586, 48.0331521], [12.0796805, 48.0332834], [12.0794996, 48.033517], [12.0794088, 48.0336788], [12.0793935, 48.0337635], [12.0793331, 48.0342731], [12.0793113, 48.0344587], [12.0792042, 48.0353646], [12.0791595, 48.0358402], [12.0791465, 48.035977], [12.0791363, 48.0361456], [12.0790623, 48.0373718], [12.0790657, 48.0377273], [12.0790208, 48.0386198], [12.0789432, 48.0398621], [12.0788639, 48.041131], [12.078736, 48.04262], [12.0786644, 48.0437406], [12.0785891, 48.0449197], [12.0785781, 48.0450933], [12.0785691, 48.0452342], [12.0785339, 48.0455824], [12.0784527, 48.0463885], [12.0782721, 48.046787], [12.0779499, 48.0476063], [12.0778473, 48.0478673], [12.0776819, 48.0483093], [12.0774863, 48.0487789], [12.0773814, 48.0490731], [12.0771902, 48.0495698], [12.0769017, 48.0501123], [12.0770705, 48.0502044], [12.0765644, 48.0515662], [12.0764685, 48.0519381], [12.0763049, 48.0523926], [12.076152, 48.0530414], [12.0760202, 48.0536012], [12.0760221, 48.0537162], [12.0760224, 48.0537342], [12.0760227, 48.0537522], [12.0760244, 48.0538444], [12.0760075, 48.0540362], [12.0759891, 48.0546749], [12.0759563, 48.0550471], [12.0758191, 48.0550633], [12.0757899, 48.0550697], [12.0757586, 48.05508], [12.0755822, 48.0551383], [12.0755393, 48.055164], [12.0755079, 48.0551961], [12.0754984, 48.0552125], [12.07549, 48.0552327], [12.075488, 48.0552565], [12.0754727, 48.055442], [12.0754045, 48.056258], [12.0753849, 48.0564951], [12.0753005, 48.0571027], [12.0752503, 48.057465], [12.0751964, 48.0577697], [12.0751777, 48.0578661], [12.0751676, 48.0580429], [12.0752091, 48.0581747], [12.0752332, 48.0582075], [12.0753432, 48.0582942], [12.0753758, 48.0583117], [12.0754593, 48.0583389], [12.0754563, 48.0584485], [12.0753562, 48.0607278], [12.0753242, 48.0613154], [12.0753134, 48.0614721], [12.0752154, 48.0621892], [12.0751552, 48.0626765], [12.0750831, 48.0633081], [12.0747119, 48.0650202], [12.0745613, 48.0660973], [12.0744692, 48.0666187], [12.0745273, 48.0667686], [12.074558, 48.0670726], [12.0745062, 48.0673612], [12.0745038, 48.0674137], [12.0744952, 48.0676052], [12.0743301, 48.068366], [12.0742986, 48.068798], [12.0743502, 48.06921], [12.0744449, 48.0695223], [12.0746226, 48.0698], [12.0747102, 48.0700451], [12.0748192, 48.0724931], [12.0748474, 48.0728636], [12.0748805, 48.0732454], [12.0748406, 48.0743456], [12.074831, 48.0746127], [12.0748315, 48.0749493], [12.0744113, 48.0751265], [12.07408, 48.0753437], [12.0734839, 48.075708], [12.0734081, 48.0758139], [12.0733984, 48.0758612], [12.0733808, 48.0759474], [12.0735237, 48.0761358], [12.0738435, 48.0762949], [12.0744224, 48.0764488], [12.074975, 48.076713], [12.0749325, 48.0772704], [12.0748271, 48.0789311], [12.0745603, 48.0794779], [12.0738005, 48.0794207], [12.0738273, 48.079566], [12.0738563, 48.079718], [12.0739778, 48.080219], [12.0741009, 48.0806407], [12.0742825, 48.0812623], [12.0743547, 48.0817092], [12.0742911, 48.0819876], [12.0738472, 48.0819583], [12.0738354, 48.0822306], [12.0743804, 48.082324], [12.0747519, 48.0823447], [12.0747415, 48.0824483], [12.0747048, 48.0828183], [12.0746957, 48.0829527], [12.0744915, 48.0835882], [12.0744634, 48.0837097], [12.0743318, 48.0842164], [12.0744653, 48.0841869], [12.074646, 48.0841469], [12.0749685, 48.0840891], [12.075247, 48.0840532], [12.0752637, 48.0842094], [12.0753001, 48.0844374], [12.0755774, 48.0844359], [12.0768585, 48.0844809], [12.0773022, 48.0845269], [12.0777474, 48.0845975], [12.0782165, 48.0846825], [12.0781741, 48.0852084], [12.078104, 48.0857483], [12.078614, 48.085756], [12.0783404, 48.0870791], [12.0780936, 48.0870944], [12.078063, 48.0870996], [12.0777955, 48.0871679], [12.0775389, 48.0872424], [12.077215, 48.0873354], [12.0766556, 48.0874881], [12.0748735, 48.0877743], [12.0745634, 48.0878366], [12.0739935, 48.0879513], [12.0734662, 48.0880258], [12.0733761, 48.0880261], [12.0733987, 48.0881634], [12.0734215, 48.0883136], [12.0732609, 48.0883139], [12.0729113, 48.088337], [12.0728029, 48.0883441], [12.0719898, 48.088343], [12.0710788, 48.0883729], [12.070978, 48.0883698], [12.0704428, 48.0883899], [12.070225, 48.088372], [12.0699051, 48.0889208], [12.0698866, 48.0889386], [12.0698025, 48.0890833], [12.0696643, 48.0898616], [12.0696614, 48.0899675], [12.0682109, 48.0899617], [12.0681998, 48.0906662], [12.0677504, 48.091079], [12.067941, 48.0918294], [12.06796, 48.0922128], [12.0679692, 48.0923471], [12.0679802, 48.0924846], [12.0678168, 48.0925182], [12.0676258, 48.0925828], [12.0673361, 48.0926487], [12.0671901, 48.0927729], [12.0669903, 48.0928775], [12.0669547, 48.0928888], [12.0665162, 48.0929601], [12.0665109, 48.092972], [12.0665365, 48.0932473], [12.0665311, 48.0932685], [12.0664647, 48.0934122], [12.0664465, 48.0934364], [12.0663469, 48.0935261], [12.0663176, 48.093544], [12.0662162, 48.0935839], [12.0661884, 48.0935908], [12.065965, 48.0936159], [12.0659209, 48.0936145], [12.0656753, 48.0935682], [12.0656394, 48.0935561], [12.0653466, 48.0934027], [12.0652574, 48.0933767], [12.0652049, 48.0933787], [12.0647821, 48.0945202], [12.0644847, 48.0949524], [12.0641022, 48.0956927], [12.0638929, 48.0961368], [12.0630287, 48.0983525], [12.0630264, 48.0983584], [12.0628973, 48.098454], [12.06288, 48.0984749], [12.0628366, 48.0985554], [12.0628038, 48.098769], [12.0627604, 48.0989059], [12.0628604, 48.0990039], [12.0628882, 48.099021], [12.0629208, 48.0990325], [12.0631109, 48.0991226], [12.0631643, 48.0991442], [12.0637938, 48.0993979], [12.0640738, 48.099504], [12.0643717, 48.0995206], [12.0649242, 48.0994163], [12.0657686, 48.0992607], [12.0660072, 48.0992434], [12.0674756, 48.0991233], [12.067712, 48.0990692], [12.0699775, 48.098553], [12.0699863, 48.0986442], [12.0700004, 48.0986994], [12.0700374, 48.098781], [12.0700914, 48.0988759], [12.0701512, 48.0989594], [12.0702448, 48.0990563], [12.0703265, 48.0991236], [12.0703574, 48.0992304], [12.0704824, 48.099413], [12.0705059, 48.0996139], [12.0707773, 48.09955], [12.0708481, 48.0995353], [12.071715, 48.0993287], [12.0721266, 48.0992406], [12.0724223, 48.0992059], [12.0726566, 48.0991928], [12.0730215, 48.0991239], [12.0734252, 48.0989777], [12.0735643, 48.0989633], [12.0737387, 48.0989793], [12.0738522, 48.0990087], [12.0741443, 48.0990636], [12.0743414, 48.0990834], [12.0746176, 48.0991242], [12.0747195, 48.0991819], [12.0752408, 48.0993229], [12.075641, 48.0993554], [12.0759511, 48.0993992], [12.0760914, 48.0994042], [12.076678, 48.0993004], [12.0768618, 48.0992253], [12.07709, 48.0991243], [12.07753, 48.09897], [12.0777244, 48.0989143], [12.0779085, 48.0988725], [12.0781166, 48.098801], [12.0782719, 48.0987606], [12.078447, 48.0987437], [12.0790711, 48.0989641], [12.0792344, 48.0990295], [12.0796199, 48.0990925], [12.0798127, 48.0991244], [12.0808919, 48.0993093], [12.0797491, 48.1006787], [12.0797409, 48.1006932], [12.079466, 48.1010295], [12.0793698, 48.1011471], [12.0776461, 48.1031701], [12.0769937, 48.1039594], [12.0761537, 48.104989], [12.0760114, 48.1053468], [12.0759405, 48.105478], [12.0758204, 48.1056896], [12.0756073, 48.1059951], [12.075461, 48.106197], [12.0750885, 48.1066977], [12.074867, 48.1069419], [12.0745183, 48.1073145], [12.0744518, 48.1073747], [12.0744258, 48.1074058], [12.0743859, 48.107462], [12.0743335, 48.1075637], [12.0743053, 48.1076333], [12.0742794, 48.1077399], [12.0742393, 48.1078013], [12.0741929, 48.1079052], [12.0740988, 48.1080155], [12.0737866, 48.1083051], [12.0736943, 48.1084038], [12.0736708, 48.1084738], [12.073663, 48.1085775], [12.0737024, 48.1088523], [12.073743, 48.109064], [12.0737829, 48.1092209], [12.0738235, 48.1093675], [12.0738434, 48.1094862], [12.0738541, 48.1095759], [12.0738544, 48.109662], [12.0738285, 48.1097549], [12.0738017, 48.1098099], [12.0737619, 48.1099102], [12.0736744, 48.1101459], [12.0736055, 48.1102735], [12.0735463, 48.1103889], [12.0744326, 48.1104202], [12.0747731, 48.1105162], [12.0750385, 48.1105672], [12.0745971, 48.1112851], [12.0741328, 48.111647], [12.0741055, 48.112088], [12.0741007, 48.1123478], [12.0741659, 48.1126878], [12.07449, 48.1127608], [12.0749102, 48.1128446], [12.0751458, 48.1129137], [12.0751713, 48.1129179], [12.0752013, 48.1129276], [12.0752446, 48.1129508], [12.0755375, 48.1131071], [12.0755584, 48.1131243], [12.0756564, 48.113255], [12.0756633, 48.1132695], [12.0756928, 48.1133873], [12.0757482, 48.1136085], [12.0765334, 48.1142053], [12.076705, 48.1142324], [12.0773022, 48.1142768], [12.0774789, 48.114285], [12.0777863, 48.1142686], [12.0779099, 48.1142502], [12.0780163, 48.11423], [12.0780384, 48.1142258], [12.0782794, 48.1141662], [12.0785999, 48.1140913], [12.0790061, 48.1140203], [12.0791341, 48.1140242], [12.0793161, 48.1140297], [12.0804354, 48.1140502], [12.0806069, 48.1140815], [12.080679, 48.1141167], [12.0808384, 48.1142275], [12.0810517, 48.1144573], [12.0810648, 48.1145905], [12.0810897, 48.1146742], [12.0811065, 48.1147311], [12.0811314, 48.114782], [12.0811723, 48.1148662], [12.0812193, 48.1149158], [12.0811753, 48.1151729], [12.0813328, 48.1152655], [12.0814902, 48.115358], [12.0816881, 48.1153731], [12.0818838, 48.1154947], [12.0819086, 48.1155049], [12.0819359, 48.1155117], [12.0821696, 48.1155368], [12.0823636, 48.115613], [12.0826644, 48.1157263], [12.083318, 48.1161816], [12.0834423, 48.1162651], [12.0835319, 48.1163036], [12.0836219, 48.1163257], [12.0837173, 48.1163311], [12.0838181, 48.1163244], [12.083893, 48.1163131], [12.084103, 48.1162573], [12.0843913, 48.1161774], [12.0846474, 48.1160979], [12.0852449, 48.1162943], [12.0854425, 48.1165208], [12.0856436, 48.1165414], [12.086276, 48.1165254], [12.08703, 48.1165579], [12.0873627, 48.1165893], [12.0874729, 48.1166079], [12.0876679, 48.1165942], [12.0876823, 48.1166512], [12.0877478, 48.1168131], [12.0878805, 48.1171116], [12.0878355, 48.1173416], [12.0877705, 48.117554], [12.0877041, 48.1177624], [12.0876744, 48.1178703], [12.0876566, 48.1179136], [12.0876353, 48.1179554], [12.0875446, 48.1181339], [12.087381, 48.1184046], [12.087347, 48.1184505], [12.0872693, 48.1185575], [12.0873897, 48.1186105], [12.0874905, 48.1186786], [12.0871836, 48.1189174], [12.0869623, 48.119168], [12.0867067, 48.1194575], [12.0866925, 48.1195608], [12.086727, 48.1196611], [12.0868387, 48.1197932], [12.0869623, 48.1199547], [12.0869631, 48.1199622], [12.0869763, 48.1200942], [12.0866847, 48.1210135], [12.0866369, 48.1211748], [12.0865911, 48.1213297], [12.0860054, 48.1213716], [12.0858287, 48.1214137], [12.0855807, 48.1214731], [12.0855538, 48.1214857], [12.0855164, 48.1214945], [12.0853603, 48.1215016], [12.0852641, 48.1215142], [12.0849036, 48.1215238], [12.0850796, 48.121765], [12.0853361, 48.1220954], [12.0854958, 48.1222611], [12.0856619, 48.1224143], [12.0855914, 48.1225364], [12.0855423, 48.1230804], [12.0855759, 48.1237645], [12.0852752, 48.1243561], [12.0855469, 48.1247892], [12.085791, 48.1251004], [12.0859585, 48.125291], [12.0862445, 48.1258154], [12.0862878, 48.1260538], [12.0859549, 48.1261188], [12.0856314, 48.1261923], [12.0853177, 48.1262781], [12.0850156, 48.1263745], [12.0848218, 48.1264445], [12.0843902, 48.1266122], [12.0841245, 48.1267069], [12.0840113, 48.1267432], [12.0838566, 48.1267846], [12.0837467, 48.1268104], [12.0836955, 48.126784], [12.0835188, 48.1267145], [12.0833707, 48.1266437], [12.0833053, 48.1266024], [12.0831384, 48.1264973], [12.0828687, 48.1262668], [12.0827466, 48.1261708], [12.0826805, 48.12605], [12.0825294, 48.1260682], [12.0818312, 48.1261514], [12.0802696, 48.1263574], [12.078671, 48.1261099], [12.0780342, 48.1255269], [12.0775346, 48.1249173], [12.0774843, 48.1247452], [12.0773175, 48.1246931], [12.0771581, 48.1246603], [12.0769888, 48.1246206], [12.0768058, 48.1245472], [12.0762592, 48.1242336], [12.0762099, 48.1242162], [12.0760963, 48.1242192], [12.0760569, 48.1242146], [12.0759723, 48.1242198], [12.0757431, 48.1242338], [12.0756281, 48.124229], [12.0755103, 48.1242139], [12.0753543, 48.124187], [12.0751468, 48.1241399], [12.0749172, 48.1240765], [12.0728085, 48.123494], [12.0725968, 48.1234551], [12.0725697, 48.1234534], [12.0716626, 48.1235093], [12.071503, 48.1234743], [12.0708987, 48.1233024], [12.0706594, 48.1232538], [12.0703954, 48.1232169], [12.0702268, 48.1232104], [12.070012, 48.1232099], [12.0697186, 48.1232039], [12.0694726, 48.1231847], [12.0691703, 48.1231416], [12.06871, 48.1230454], [12.0684526, 48.1229835], [12.0682301, 48.1229099], [12.0679246, 48.1227834], [12.0676627, 48.1227303], [12.067387, 48.1227247], [12.0673422, 48.1227287], [12.0670426, 48.1229012], [12.0659619, 48.1227179], [12.0658667, 48.1226997], [12.0665331, 48.1238509], [12.0666744, 48.1240875], [12.0667265, 48.1243361], [12.0667166, 48.124372], [12.0667175, 48.1243881], [12.0667406, 48.1244428], [12.0667568, 48.1244625], [12.0669885, 48.1246077], [12.0670389, 48.1246781], [12.06828, 48.1265406], [12.0684347, 48.12662], [12.0686066, 48.1267082], [12.0686143, 48.1267367], [12.0686675, 48.12685], [12.0688129, 48.1270861], [12.0690347, 48.1273867], [12.0691837, 48.1276666], [12.0692765, 48.1278323], [12.0692868, 48.127861], [12.0691514, 48.1278354], [12.0683219, 48.1276876], [12.0680406, 48.1276344], [12.0678401, 48.1275913], [12.0676688, 48.12755], [12.0675145, 48.1275052], [12.0672442, 48.1274143], [12.0670731, 48.1273475], [12.0669053, 48.1272788], [12.0666342, 48.127155], [12.0660061, 48.1268497], [12.0659426, 48.1268187], [12.0656973, 48.1267382], [12.0655418, 48.1266976], [12.065326, 48.1266539], [12.0651671, 48.1266318], [12.0650163, 48.1266185], [12.0647767, 48.1266123], [12.064597, 48.1266237], [12.0644797, 48.1266385], [12.0641917, 48.1266912], [12.0640353, 48.1267282], [12.0638677, 48.1267748], [12.0637432, 48.1268069], [12.0633911, 48.1269083], [12.0632053, 48.1269512], [12.0630253, 48.126985], [12.0628418, 48.1270105], [12.0624166, 48.1270592], [12.0615838, 48.1271701], [12.0611013, 48.1272306], [12.0608341, 48.1272606], [12.0596269, 48.1273608], [12.0588996, 48.1274217], [12.0587076, 48.127436], [12.058441, 48.1274507], [12.0581593, 48.1274691], [12.0579312, 48.1274766], [12.0574112, 48.1274865], [12.0569368, 48.127476], [12.0567635, 48.1274809], [12.0566545, 48.1274891], [12.0564677, 48.1275202], [12.0563448, 48.1275516], [12.0560956, 48.1276242], [12.0556175, 48.1277794], [12.0552491, 48.1279005], [12.0549062, 48.1280112], [12.0546387, 48.1280915], [12.0546221, 48.1280978], [12.0545774, 48.1281098], [12.054563, 48.1281121], [12.0544588, 48.1281377], [12.0542904, 48.1281752], [12.0541197, 48.1282087], [12.0539217, 48.1282377], [12.0537229, 48.1282633], [12.0535687, 48.1282812], [12.0532778, 48.1283113], [12.052736, 48.1283532], [12.0524655, 48.1283668], [12.0519871, 48.1283874], [12.0516919, 48.1284068], [12.0515151, 48.1284221], [12.0512938, 48.1284478], [12.0510774, 48.1284824], [12.0503542, 48.1285898], [12.0495744, 48.1300181], [12.0489596, 48.1312493], [12.0472346, 48.1337278], [12.0471012, 48.1339692], [12.0465889, 48.1347577], [12.045144, 48.1376232], [12.044834, 48.1382142], [12.0447367, 48.1383955], [12.0446395, 48.1385724], [12.0445427, 48.1387454], [12.0445038, 48.1388263], [12.0435475, 48.1405957], [12.0431818, 48.1415073], [12.0418647, 48.1403554], [12.0411219, 48.1396804], [12.0409972, 48.1397377], [12.0399235, 48.1402772], [12.0398187, 48.1403373], [12.0371265, 48.1418791], [12.0358312, 48.142621], [12.0334202, 48.1440016], [12.0304427, 48.1457412], [12.0268101, 48.1478632], [12.0270031, 48.1480173], [12.0286699, 48.1494204], [12.0272759, 48.1501707], [12.025563, 48.1510878], [12.0251271, 48.1513213], [12.0249561, 48.1514176], [12.025374, 48.1517604], [12.0256095, 48.1519591], [12.0257648, 48.1521143], [12.0252783, 48.1524326], [12.0249732, 48.1526321], [12.0246433, 48.1528481], [12.0245907, 48.1528735], [12.0239615, 48.1531384], [12.0236714, 48.1532905], [12.0228316, 48.1537297], [12.0227817, 48.1541074], [12.0222677, 48.15476], [12.0218826, 48.1551399], [12.0215704, 48.15524], [12.02141, 48.1552933], [12.0212217, 48.1553536], [12.0204077, 48.1554885], [12.0198901, 48.1554843], [12.0189421, 48.1553026], [12.0181665, 48.1550121], [12.0175619, 48.1550014], [12.0173191, 48.1549199], [12.0170101, 48.1548256], [12.0166549, 48.1547247], [12.0160755, 48.1545764], [12.0154987, 48.1544208], [12.0154813, 48.1544177], [12.0148614, 48.1543586], [12.0145502, 48.1543508], [12.0142797, 48.1543521], [12.0139022, 48.1542908], [12.0135582, 48.1542009], [12.013741, 48.1546352], [12.0139072, 48.1550291], [12.0138719, 48.155097], [12.0138364, 48.1552117], [12.0138335, 48.1553796], [12.0138643, 48.1554979], [12.0139246, 48.1556542], [12.0140457, 48.1558577], [12.0141326, 48.156025], [12.0139077, 48.1563678], [12.0138552, 48.156782], [12.0134643, 48.1572443], [12.013346, 48.1573163], [12.0132277, 48.1573883], [12.0127524, 48.1573286], [12.0127063, 48.1574251], [12.0128357, 48.1575833], [12.012822, 48.1580174], [12.0127333, 48.1582303], [12.0124956, 48.1588096], [12.0124475, 48.1589256], [12.0123188, 48.159159], [12.012151, 48.1591651], [12.011761, 48.1591833], [12.0107567, 48.1592744], [12.0107194, 48.1593988], [12.0106926, 48.1594508], [12.0106053, 48.1596059], [12.0100351, 48.1596556], [12.0098383, 48.1596705], [12.0096586, 48.1596771], [12.0095007, 48.1596749], [12.0093359, 48.1596639], [12.0091575, 48.1596449], [12.0083366, 48.1595478], [12.0078633, 48.1594892], [12.0075553, 48.1594412], [12.0072506, 48.1593858], [12.0071097, 48.1593575], [12.0070108, 48.1593376], [12.0067676, 48.1592823], [12.0065647, 48.1593305], [12.0065329, 48.1593834], [12.0070615, 48.160055], [12.0055798, 48.1607204], [12.0050472, 48.1609946], [12.0042454, 48.161416], [12.0035748, 48.1612826], [12.0021557, 48.1613673], [12.0021112, 48.1614439], [12.0026278, 48.1619556], [12.0027894, 48.162219], [12.0028509, 48.1625433], [12.0028214, 48.1627611], [12.0029536, 48.1628682], [12.0029889, 48.1629901], [12.0030308, 48.1629733], [12.0030739, 48.1629562], [12.0032086, 48.162869], [12.0033022, 48.1628536], [12.0035865, 48.1628944], [12.0036833, 48.1629619], [12.0038129, 48.1629606], [12.0039637, 48.1629207], [12.0041342, 48.1627357], [12.0043081, 48.1627671], [12.004512, 48.1627053], [12.0047299, 48.1626707], [12.0049866, 48.1627523], [12.0050884, 48.1628187], [12.005247, 48.1628677], [12.005358, 48.1629301], [12.0054848, 48.1630413], [12.0056601, 48.1630949], [12.0056973, 48.1630949], [12.0058857, 48.1630945], [12.0060404, 48.1631184], [12.0062271, 48.1630663], [12.0064093, 48.1630877], [12.006551, 48.1630584], [12.0067464, 48.1631202], [12.0068146, 48.1631157], [12.0068863, 48.1630712], [12.0069444, 48.163073], [12.0070467, 48.1631359], [12.0072171, 48.1631357], [12.0073944, 48.1631987], [12.00754, 48.1631767], [12.0076063, 48.1631919], [12.007662, 48.1632781], [12.0078111, 48.1632771], [12.0078956, 48.163355], [12.0079505, 48.1633764], [12.0081093, 48.1633737], [12.0082042, 48.163474], [12.0084365, 48.1635686], [12.0086759, 48.1635453], [12.0087424, 48.1635388], [12.00896, 48.1635866], [12.0091951, 48.1635687], [12.0094421, 48.163597], [12.0097538, 48.1635443], [12.0099572, 48.1635434], [12.0101822, 48.1635722], [12.0102669, 48.1635554], [12.0104198, 48.163525], [12.010661, 48.1635241], [12.0109441, 48.1634553], [12.0111625, 48.1634613], [12.0114687, 48.1634124], [12.0119743, 48.163401], [12.0120768, 48.1633263], [12.0121346, 48.1633107], [12.012293, 48.1633513], [12.0124974, 48.1633348], [12.0126865, 48.1632577], [12.0128437, 48.163233], [12.0130568, 48.163306], [12.0133902, 48.1633735], [12.0134982, 48.163382], [12.0137544, 48.1634507], [12.0139306, 48.1634441], [12.0141535, 48.1634675], [12.0142613, 48.1634408], [12.0146148, 48.1632824], [12.0144768, 48.1634804], [12.0143945, 48.1636411], [12.014273, 48.1642013], [12.0142552, 48.1642563], [12.0140078, 48.1650236], [12.0139006, 48.1654221], [12.0137441, 48.1659309], [12.0137391, 48.1659391], [12.0136946, 48.1661671], [12.0136677, 48.1662541], [12.0136094, 48.1665015], [12.0135572, 48.166662], [12.0135138, 48.1667848], [12.0134697, 48.16689], [12.0133989, 48.16702], [12.0132671, 48.1672199], [12.0130471, 48.1675624], [12.0130002, 48.1676686], [12.0129431, 48.16782], [12.0128404, 48.1681418], [12.0127818, 48.1683399], [12.01273, 48.1685506], [12.0126651, 48.1688408], [12.0126566, 48.1688583], [12.0126421, 48.1688779], [12.0125834, 48.1689443], [12.0116383, 48.1699888], [12.01161, 48.1700132], [12.0107785, 48.1700847], [12.010585, 48.1701233], [12.0104159, 48.17022], [12.0102202, 48.1704046], [12.0097066, 48.1709482], [12.0095133, 48.1711268], [12.0089486, 48.1719271], [12.0088576, 48.1719039], [12.0078366, 48.1715226], [12.0070285, 48.1712326], [12.0051138, 48.1705553], [12.0045491, 48.170422], [12.0046094, 48.1706228], [12.0045801, 48.1707775], [12.0045294, 48.1708886], [12.0046329, 48.1709632], [12.0047518, 48.1710802], [12.0048108, 48.1711648], [12.0047975, 48.1713177], [12.004802, 48.1713787], [12.0048731, 48.1714589], [12.0049871, 48.1717113], [12.0053045, 48.1718702], [12.005384, 48.1719165], [12.0058117, 48.172166], [12.00599, 48.1722614], [12.0060919, 48.1723565], [12.0061964, 48.1724204], [12.0064744, 48.172346], [12.0065479, 48.1724903], [12.0064968, 48.1727848], [12.0063699, 48.1729604], [12.0057375, 48.1729896], [12.0053336, 48.173008], [12.0051958, 48.1730542], [12.0047932, 48.1730735], [12.0042105, 48.1730408], [12.003608, 48.1731331], [12.0031874, 48.1731375], [12.0031164, 48.173313], [12.0026783, 48.1733175], [12.0024581, 48.1733637], [12.0018712, 48.1735024], [12.0009421, 48.173733], [12.0007443, 48.1738238], [12.0006575, 48.1738609], [12.0005664, 48.1738945], [12.000464, 48.1739197], [12.0003872, 48.173925], [12.0003161, 48.1739048], [12.0002738, 48.1738639], [12.0002417, 48.1738722], [12.0001626, 48.1738513], [12.000097, 48.1737947], [12.0000659, 48.1737947], [12.000036, 48.1738051], [11.9999558, 48.1738863], [11.9998579, 48.1739167], [11.9997945, 48.1739762], [11.9997445, 48.1739837], [11.9996912, 48.1739993], [11.9996767, 48.1740223], [11.9996334, 48.1740275], [11.9995833, 48.1739629], [11.9994827, 48.1739541], [11.9993749, 48.1739392], [11.9991247, 48.1739236], [11.9987849, 48.1738732], [11.9985574, 48.1738658], [11.9984667, 48.1738926], [11.9983491, 48.1739564], [11.9982069, 48.1739832], [11.998115, 48.1739768], [11.9979088, 48.1739982], [11.9976923, 48.1740393], [11.997547, 48.1740393], [11.9974034, 48.1740641], [11.9972164, 48.1741452], [11.997097, 48.1742219], [11.996934, 48.1742358], [11.9968712, 48.1742626], [11.9968226, 48.1742714], [11.9967483, 48.1742239], [11.9966871, 48.1742401], [11.996663, 48.1742974], [11.9965967, 48.1743092], [11.9965403, 48.1742995], [11.9965337, 48.1742444], [11.9964807, 48.1742402], [11.9964273, 48.1742541], [11.9964213, 48.1743336], [11.9964143, 48.1743502], [11.9963482, 48.1743652], [11.9962594, 48.1743534], [11.9962385, 48.1743092], [11.9961817, 48.1742988], [11.9960659, 48.1742832], [11.9959982, 48.1743232], [11.9959358, 48.1743388], [11.9958513, 48.1743404], [11.9957433, 48.1743524], [11.9957989, 48.1742314], [11.9958582, 48.1741261], [11.9959157, 48.1739551], [11.9960447, 48.1735959], [11.9962027, 48.1730394], [11.9962392, 48.1728201], [11.9962388, 48.1728074], [11.9962107, 48.1726755], [11.9961976, 48.1726534], [11.9961065, 48.1725663], [11.9960869, 48.1725534], [11.9958846, 48.1724616], [11.9957182, 48.1724039], [11.9956531, 48.1723782], [11.9955071, 48.1723205], [11.9955514, 48.1722176], [11.995595, 48.1721134], [11.9958275, 48.1716639], [11.9962393, 48.1708677], [11.9963172, 48.1707169], [11.9963733, 48.1706193], [11.996449, 48.1705059], [11.9966374, 48.1702842], [11.9969813, 48.1700027], [11.9972209, 48.1698163], [11.9977782, 48.1693093], [11.9980931, 48.1690617], [11.998122, 48.1690267], [11.9980092, 48.1690333], [11.9978752, 48.1690374], [11.9977568, 48.1690363], [11.997665, 48.1690339], [11.9975552, 48.1690268], [11.9972176, 48.1689799], [11.9965334, 48.1688712], [11.9963969, 48.1688717], [11.9962771, 48.1688756], [11.9961624, 48.1688849], [11.9960328, 48.1689041], [11.996, 48.168909], [11.995862, 48.1689374], [11.9956889, 48.1689838], [11.9946839, 48.1692784], [11.9939202, 48.1695074], [11.9937574, 48.1695635], [11.9936112, 48.1696242], [11.9935749, 48.1696392], [11.9934563, 48.1696947], [11.9932259, 48.1698333], [11.9931011, 48.1697405], [11.9930817, 48.1697235], [11.9929849, 48.1696385], [11.9928731, 48.1694958], [11.9928406, 48.1693093], [11.9928897, 48.1689579], [11.9928924, 48.1686419], [11.9928847, 48.1685063], [11.9928902, 48.1683449], [11.9908762, 48.1683516], [11.9907849, 48.167185], [11.99078, 48.1671413], [11.9907794, 48.1671128], [11.9907669, 48.1670101], [11.9904893, 48.1670521], [11.9897304, 48.1671123], [11.9896871, 48.1670147], [11.9896431, 48.1668619], [11.9895732, 48.1667215], [11.9894733, 48.1665695], [11.9892687, 48.1663113], [11.9888469, 48.1658918], [11.9888316, 48.1658787], [11.9885203, 48.1655781], [11.9882879, 48.1653815], [11.988219, 48.1653233], [11.988176, 48.1652919], [11.9874703, 48.164852], [11.9873269, 48.1647713], [11.9871246, 48.1646433], [11.9867991, 48.1644423], [11.9868067, 48.1643788], [11.9863603, 48.1642704], [11.98626, 48.1643876], [11.985921, 48.1647147], [11.9856743, 48.1649106], [11.984938, 48.1654464], [11.9841605, 48.1660081], [11.9837319, 48.1663179], [11.983341, 48.1666179], [11.9832784, 48.1666705], [11.9829261, 48.1669766], [11.9822472, 48.1676329], [11.9817318, 48.1681319], [11.9814828, 48.1683846], [11.9811597, 48.1687483], [11.980975, 48.1690497], [11.9808845, 48.1692338], [11.9807692, 48.1694276], [11.9806575, 48.1695544], [11.9804966, 48.1697121], [11.9803244, 48.1698597], [11.9802662, 48.1699077], [11.9802121, 48.169949], [11.9795366, 48.1696193], [11.9792787, 48.1694806], [11.9791384, 48.1695616], [11.9779084, 48.1702707], [11.9769674, 48.1708159], [11.9760779, 48.1713872], [11.9759573, 48.1713331], [11.9747638, 48.1706874], [11.9746718, 48.1706422], [11.9736858, 48.1702066], [11.9737049, 48.169978], [11.9737911, 48.1697243], [11.9738717, 48.169656], [11.9736799, 48.1696685], [11.9734716, 48.169682], [11.9730002, 48.1695587], [11.9728092, 48.1695429], [11.9727546, 48.1695306], [11.9726971, 48.1695283], [11.9723805, 48.1695714], [11.9713929, 48.1697136], [11.9713815, 48.169714], [11.9713477, 48.1697202], [11.9713376, 48.1697237], [11.9711864, 48.1697568], [11.9704766, 48.1698884], [11.9702881, 48.1699059], [11.9701623, 48.1699144], [11.9700043, 48.1699168], [11.9699489, 48.1699275], [11.9693884, 48.1698979], [11.9694861, 48.1689068], [11.9693115, 48.1689166], [11.9680835, 48.1689844], [11.9667872, 48.1690997], [11.9665992, 48.1691131], [11.9651757, 48.1720034], [11.9649304, 48.1720316], [11.9644071, 48.1720235], [11.9643548, 48.1719677], [11.9642582, 48.1718649], [11.9639904, 48.1719321], [11.9634074, 48.1720784], [11.963022, 48.1720066], [11.9628923, 48.171995], [11.9627325, 48.1719934], [11.9623176, 48.1720053], [11.9616275, 48.1720501], [11.9609997, 48.1720714], [11.9608718, 48.1720982], [11.9606949, 48.1721941], [11.9605777, 48.1722983], [11.9602667, 48.172555], [11.9600272, 48.1726833], [11.9597509, 48.1727653], [11.9594911, 48.1722675], [11.9592433, 48.1723044], [11.9585081, 48.1724042], [11.9573202, 48.1724236], [11.9569846, 48.1724419], [11.9566507, 48.1718309], [11.9559869, 48.171099], [11.955341, 48.1705517], [11.9542185, 48.1697484], [11.9535854, 48.169344], [11.9531896, 48.1691895], [11.9524383, 48.1690059], [11.9520942, 48.1689353], [11.951753, 48.168946], [11.9512681, 48.169076], [11.9508625, 48.1692018], [11.9503627, 48.1691269], [11.9499423, 48.1689923], [11.9498932, 48.1689155], [11.9496908, 48.1687645], [11.9492158, 48.1685403], [11.9485857, 48.1683973], [11.9483278, 48.1683392], [11.9474647, 48.1682231], [11.9476582, 48.1679705], [11.9477328, 48.167496], [11.9461354, 48.1671072], [11.9456073, 48.1670129], [11.9450529, 48.1669253], [11.9441895, 48.1670454], [11.9438633, 48.1661435], [11.942966, 48.1660233], [11.9425052, 48.1660868], [11.9422882, 48.1661168], [11.9422336, 48.1656146], [11.941841, 48.1655164], [11.9416576, 48.1654829], [11.9414539, 48.1654514], [11.9413283, 48.1654161], [11.9413212, 48.1653296], [11.9403505, 48.1653587], [11.9393757, 48.1654287], [11.9388632, 48.165537], [11.9370498, 48.1656656], [11.9366062, 48.1659773], [11.9361549, 48.1665087], [11.9358202, 48.166626], [11.9350418, 48.1667816], [11.9338492, 48.1674242], [11.9334486, 48.1678657], [11.9331482, 48.1683237], [11.9330058, 48.1686574], [11.9330754, 48.1688613], [11.9330186, 48.1689654], [11.9324349, 48.1688966], [11.9322845, 48.1688353], [11.9321425, 48.1687242], [11.9321205, 48.1686463], [11.9319349, 48.1688732], [11.9315567, 48.1693353], [11.9314842, 48.169421], [11.9315009, 48.1694502], [11.9315378, 48.1695143], [11.9316386, 48.1696969], [11.931601, 48.169912], [11.9328346, 48.1701232], [11.932776, 48.17062], [11.9328853, 48.170871], [11.9331315, 48.1711499], [11.9331645, 48.1713361], [11.9331599, 48.1714289], [11.9312031, 48.170756], [11.9309595, 48.1711464], [11.9307234, 48.1717117], [11.9303795, 48.1725478], [11.9291287, 48.1725104], [11.929065, 48.1725864], [11.9290492, 48.172602], [11.9290296, 48.1726152], [11.9288927, 48.1726787], [11.9288562, 48.1726878], [11.9276984, 48.1727784], [11.9276232, 48.1731857], [11.9275952, 48.1735691], [11.9266071, 48.1736123], [11.9262996, 48.1740335], [11.9260992, 48.1743416], [11.925948, 48.1745961], [11.9258837, 48.1747221], [11.9254528, 48.1755868], [11.9252665, 48.1760528], [11.9252665, 48.1760579], [11.9248989, 48.1769428], [11.9247558, 48.1772086], [11.9245526, 48.1775173], [11.9243447, 48.1777991], [11.9246229, 48.1778839], [11.9240582, 48.1793118], [11.9248732, 48.1796335], [11.924569, 48.1805615], [11.9245353, 48.1811196], [11.9245439, 48.1811318], [11.9248489, 48.1815627], [11.9251085, 48.1818591], [11.9256917, 48.1824217], [11.925736, 48.1824563], [11.926028, 48.1826846], [11.9264286, 48.1832051], [11.9264853, 48.1833134], [11.926039, 48.1836667], [11.925972, 48.1838015], [11.9258841, 48.1840892], [11.9258228, 48.1841703], [11.9255456, 48.1844136], [11.925239, 48.1847796], [11.9252025, 48.1848448], [11.9255919, 48.1846793], [11.9259715, 48.1843678], [11.9265144, 48.1838153], [11.9266878, 48.1837965], [11.9265059, 48.1842877], [11.925892, 48.1849128], [11.9267394, 48.1848248], [11.9267945, 48.1848325], [11.9268713, 48.1848366], [11.9270133, 48.1848442], [11.9270257, 48.1849343], [11.9270293, 48.1850803], [11.9270994, 48.1856773], [11.9274701, 48.1857052], [11.9273732, 48.1862879], [11.9266198, 48.1864917], [11.926438, 48.1865177], [11.9258918, 48.1865903], [11.9254963, 48.1866157], [11.9252247, 48.1866715], [11.9250026, 48.1867242], [11.9252037, 48.186906], [11.9258806, 48.1874829], [11.9263981, 48.1878759], [11.9269185, 48.1882979], [11.9270597, 48.1883884], [11.9266884, 48.1891155], [11.9212092, 48.1896872], [11.9210473, 48.1897041], [11.9208955, 48.18972], [11.9207946, 48.1897305], [11.9206936, 48.1897411], [11.9203799, 48.1897739], [11.918439, 48.189977], [11.9180244, 48.1900609], [11.917783, 48.1896556], [11.9177262, 48.1895607], [11.9179051, 48.1894926], [11.9183917, 48.1893459], [11.9185884, 48.1892962], [11.9194154, 48.189204], [11.9197072, 48.1891414], [11.9197543, 48.189099], [11.9199369, 48.1889351], [11.9199956, 48.1888825], [11.9200544, 48.1888297], [11.9201806, 48.1887162], [11.9201415, 48.1885798], [11.9199008, 48.1877422], [11.9195393, 48.1867499], [11.918948, 48.1868987], [11.9188853, 48.1869131], [11.9188587, 48.1868659], [11.9186598, 48.186896], [11.9185805, 48.1868818], [11.9184794, 48.186743], [11.9183409, 48.1865377], [11.9181738, 48.1862919], [11.9177714, 48.1855457], [11.9176434, 48.1853408], [11.9171765, 48.185482], [11.9171755, 48.1853172], [11.917155, 48.1853003], [11.9171414, 48.1852807], [11.9171356, 48.1852512], [11.9172815, 48.1852195], [11.9175093, 48.1851545], [11.9174068, 48.1849537], [11.9172869, 48.1848879], [11.9172409, 48.18481], [11.917027, 48.1847181], [11.9171016, 48.1845868], [11.9171319, 48.1844732], [11.9170724, 48.1843789], [11.9168632, 48.1843387], [11.9167481, 48.1842244], [11.9166458, 48.1841587], [11.9166416, 48.1840558], [11.9166418, 48.183956], [11.9166504, 48.1838817], [11.9165566, 48.1837902], [11.9164884, 48.1837731], [11.9164072, 48.1837959], [11.9162962, 48.183793], [11.9161937, 48.1838128], [11.9161511, 48.1837671], [11.9161213, 48.1836558], [11.9159805, 48.183627], [11.9159038, 48.18353], [11.9158397, 48.1834892], [11.9157752, 48.1836806], [11.9157157, 48.1838003], [11.9155596, 48.1843481], [11.91563, 48.1848381], [11.9155784, 48.1848426], [11.9151355, 48.1848817], [11.9150194, 48.1848919], [11.9149032, 48.184902], [11.9146921, 48.1849202], [11.9145651, 48.1849312], [11.9145513, 48.1852702], [11.9144198, 48.1862398], [11.9137594, 48.1864182], [11.913649, 48.1864466], [11.9132642, 48.185986], [11.9130681, 48.1858501], [11.9130557, 48.1858334], [11.9129837, 48.1857693], [11.9128224, 48.1856258], [11.9127482, 48.1855441], [11.9128021, 48.1854045], [11.9131926, 48.1848743], [11.91302, 48.1847944], [11.9115651, 48.1841224], [11.9113926, 48.1840428], [11.9113164, 48.1840076], [11.9111422, 48.1839869], [11.9109158, 48.1839392], [11.9107142, 48.1838788], [11.9105324, 48.1838162], [11.9103333, 48.1837184], [11.9101894, 48.183633], [11.9101828, 48.1836666], [11.9101649, 48.1837688], [11.91014, 48.1839125], [11.9101362, 48.1839342], [11.9101863, 48.184116], [11.9101959, 48.1841876], [11.9099046, 48.1854101], [11.9096982, 48.1862749], [11.9096696, 48.1863948], [11.9095519, 48.1868874], [11.9091753, 48.1873278], [11.9094708, 48.1878738], [11.909613, 48.1882475], [11.9096663, 48.1884627], [11.9097506, 48.1888633], [11.9097938, 48.1890533], [11.9098038, 48.1890965], [11.9098485, 48.1891654], [11.9099152, 48.1892581], [11.9099197, 48.1893328], [11.9098661, 48.1895606], [11.9098476, 48.1896585], [11.9098743, 48.1904738], [11.9098798, 48.1906419], [11.9098227, 48.1906771], [11.9096516, 48.1907627], [11.9089039, 48.190959], [11.9083871, 48.1910815], [11.9078744, 48.1911724], [11.907942, 48.1912818], [11.9080202, 48.1914149], [11.9088747, 48.1928691], [11.9097954, 48.194381], [11.909277, 48.1947265], [11.9087977, 48.1949091], [11.9087892, 48.1949824], [11.9087679, 48.1951654], [11.9085416, 48.195739], [11.9079945, 48.1958595], [11.9070644, 48.1960691], [11.9066155, 48.1961702], [11.9058143, 48.1963675], [11.9058918, 48.1965521], [11.9059708, 48.1967528], [11.9053326, 48.196921], [11.9050448, 48.1970061], [11.9051961, 48.1974164], [11.9032041, 48.1973998], [11.90327, 48.1972263], [11.9015688, 48.1970159], [11.9012438, 48.1969366], [11.9009925, 48.1968712], [11.9006864, 48.1968223], [11.9005193, 48.1969865], [11.8987851, 48.1965899], [11.8985828, 48.1967555], [11.8962924, 48.1965696], [11.8962997, 48.1966167], [11.8961898, 48.1970705], [11.8960474, 48.1970928], [11.8959628, 48.1971033], [11.8958941, 48.1971208], [11.8958465, 48.1971267], [11.8947067, 48.197323], [11.8939146, 48.1974747], [11.8935235, 48.1975496], [11.8931009, 48.1976394], [11.8917593, 48.1979403], [11.8903585, 48.1982692], [11.890553, 48.1987593], [11.8927892, 48.1982914], [11.8934159, 48.1981691], [11.8937432, 48.1981111], [11.8938703, 48.1980881], [11.8938886, 48.1980848], [11.8938888, 48.1981361], [11.893889, 48.1982768], [11.8939397, 48.1982682], [11.8952762, 48.198042], [11.8953362, 48.1980322], [11.8957498, 48.1979649], [11.8958501, 48.1979508], [11.8957918, 48.1980604], [11.8957386, 48.1983076], [11.8956592, 48.1983252], [11.8950932, 48.1984404], [11.8939851, 48.1986243], [11.8937148, 48.1986691], [11.8932022, 48.1987871], [11.8926614, 48.1989028], [11.8910682, 48.1991083], [11.8911548, 48.1997759], [11.8911291, 48.199886], [11.8911199, 48.1999257], [11.8909599, 48.2000544], [11.8906781, 48.2001064], [11.8905752, 48.2001254], [11.8905344, 48.200069], [11.8904001, 48.1999209], [11.890114, 48.1996904], [11.8900257, 48.1997272], [11.8899766, 48.1997471], [11.8899321, 48.1997652], [11.8893611, 48.1999877], [11.8892865, 48.2000169], [11.8892099, 48.2000093], [11.8891048, 48.200001], [11.8890452, 48.199998], [11.8888668, 48.1999879], [11.8888088, 48.199892], [11.8885632, 48.1994478], [11.8883201, 48.1991466], [11.8883106, 48.1991076], [11.8882673, 48.1989098], [11.8882478, 48.1987809], [11.8882294, 48.1987617], [11.8879161, 48.1983907], [11.8878135, 48.198333], [11.8877741, 48.198294], [11.8877053, 48.1982111], [11.8877001, 48.1981531], [11.8877274, 48.1980832], [11.8877671, 48.1980007], [11.8878356, 48.1978258], [11.8881057, 48.1975309], [11.8887431, 48.1968266], [11.8894983, 48.1958751], [11.8895268, 48.1958334], [11.8896997, 48.1955806], [11.8899081, 48.1952258], [11.8899305, 48.1952012], [11.8901476, 48.1946464], [11.8902204, 48.1944721], [11.8902702, 48.1943518], [11.8902761, 48.1943377], [11.8903531, 48.1942276], [11.8904102, 48.1942134], [11.8906269, 48.1941599], [11.8906367, 48.1940047], [11.8911456, 48.1940402], [11.891382, 48.1937956], [11.8913577, 48.1937567], [11.8913525, 48.193738], [11.8913532, 48.1937189], [11.8913601, 48.1937003], [11.8916486, 48.1932939], [11.8882405, 48.1925532], [11.8876997, 48.1924329], [11.8871334, 48.1923071], [11.887022, 48.1922782], [11.8865031, 48.1921833], [11.8862836, 48.1921498], [11.8861643, 48.1921238], [11.8860862, 48.1920916], [11.8860983, 48.1921453], [11.8860935, 48.1921635], [11.886056, 48.1922989], [11.8859278, 48.1925067], [11.8856896, 48.1926233], [11.8853425, 48.1926896], [11.8851975, 48.1926906], [11.8850691, 48.1926879], [11.8848609, 48.192785], [11.8847823, 48.1928152], [11.8847131, 48.192843], [11.8846221, 48.1928642], [11.8838662, 48.1934355], [11.8837075, 48.1935435], [11.8832555, 48.1938313], [11.8829316, 48.1940229], [11.882757, 48.1941804], [11.882246, 48.1947357], [11.8822008, 48.1947931], [11.8821468, 48.1948672], [11.8820697, 48.195013], [11.882073, 48.1950649], [11.8820808, 48.1951915], [11.8820583, 48.1952784], [11.8819685, 48.1954088], [11.881816, 48.1955358], [11.8812421, 48.196014], [11.8809246, 48.196284], [11.8808703, 48.1963638], [11.880877, 48.1965077], [11.881278, 48.197594], [11.8813207, 48.1976968], [11.8813466, 48.1977841], [11.8814608, 48.1979717], [11.8817489, 48.1982706], [11.8825346, 48.1990035], [11.8825888, 48.1990768], [11.8826108, 48.1991061], [11.882917, 48.1994366], [11.8830141, 48.1995416], [11.8830596, 48.1996031], [11.8832052, 48.1998576], [11.8832662, 48.2000736], [11.8832491, 48.2001735], [11.8831701, 48.200473], [11.883105, 48.2005707], [11.8830626, 48.2006306], [11.8831272, 48.2006356], [11.8832677, 48.2006465], [11.8832112, 48.2007305], [11.8832243, 48.2007656], [11.8833636, 48.2008591], [11.883463, 48.20086], [11.883576, 48.2009238], [11.8835863, 48.2009681], [11.8836037, 48.2010421], [11.8835907, 48.201217], [11.883684, 48.2012439], [11.8837415, 48.2012604], [11.8828801, 48.2021236], [11.8828684, 48.2021582], [11.8828026, 48.2023543], [11.8825361, 48.202657], [11.8824161, 48.2028404], [11.8823457, 48.202948], [11.8821296, 48.2032073], [11.8818621, 48.2036349], [11.8817946, 48.2036342], [11.8816582, 48.2036328], [11.8817046, 48.2038931], [11.8816521, 48.2039641], [11.8815103, 48.2041559], [11.8815012, 48.2042168], [11.8816554, 48.2042902], [11.8817811, 48.2043235], [11.8818056, 48.2044614], [11.8820355, 48.2047562], [11.8820865, 48.2048978], [11.8820994, 48.2049697], [11.8821535, 48.2051002], [11.8822959, 48.2053161], [11.8823099, 48.2056014], [11.8824011, 48.2059031], [11.8825808, 48.2060842], [11.8824401, 48.206125], [11.8823731, 48.2061445], [11.8823128, 48.2061619], [11.8822624, 48.2061765], [11.8823045, 48.2062699], [11.8823346, 48.2063605], [11.8823404, 48.2064125], [11.8823224, 48.2066461], [11.8823172, 48.2067169], [11.8822943, 48.206775], [11.8822351, 48.2068076], [11.8821843, 48.2067986], [11.8820894, 48.2068117], [11.8820819, 48.2068183], [11.881472, 48.2064893], [11.879723, 48.2055763], [11.8773872, 48.2042869], [11.8760536, 48.2043404], [11.8756283, 48.204365], [11.8755532, 48.204368], [11.8755293, 48.2043746], [11.875289, 48.2044371], [11.8749078, 48.2044986], [11.8743905, 48.2045473], [11.8736688, 48.2045701], [11.8735067, 48.2045553], [11.8730336, 48.204405], [11.8723482, 48.2043077], [11.8719092, 48.2043164], [11.8717103, 48.2043203], [11.8700272, 48.20426], [11.8689666, 48.2043715], [11.867965, 48.2044045], [11.8669561, 48.2043629], [11.8666265, 48.2043317], [11.8657328, 48.2041968], [11.8653637, 48.2041123], [11.8649575, 48.2039153], [11.8647137, 48.2037605], [11.8639792, 48.2035617], [11.8636846, 48.2036662], [11.8635393, 48.2037176], [11.863518, 48.2039883], [11.8631956, 48.2047572], [11.8631842, 48.2048939], [11.8632109, 48.2050243], [11.8632328, 48.205062], [11.8632596, 48.205097], [11.8632266, 48.2051706], [11.8633802, 48.2052141], [11.8634339, 48.2052728], [11.8636777, 48.2053313], [11.863802, 48.2054141], [11.8640417, 48.2054906], [11.8643278, 48.2056268], [11.8643692, 48.2056516], [11.8644293, 48.2057203], [11.8644425, 48.2058214], [11.8647476, 48.2059466], [11.8647737, 48.2060683], [11.8648243, 48.2060738], [11.8649222, 48.206048], [11.8650308, 48.2061161], [11.8651017, 48.2062243], [11.8649978, 48.2062851], [11.8649011, 48.2063057], [11.8648963, 48.2063263], [11.8650786, 48.206483], [11.8651092, 48.2066007], [11.8651767, 48.2066077], [11.8653264, 48.2065668], [11.8654455, 48.2065676], [11.8654867, 48.2065892], [11.8654914, 48.2067314], [11.8655732, 48.2067401], [11.8656442, 48.2067801], [11.8657016, 48.2068616], [11.8656661, 48.2069739], [11.8657722, 48.2070343], [11.8658091, 48.2071285], [11.8657135, 48.2072413], [11.8657152, 48.2072623], [11.8657251, 48.2073825], [11.865666, 48.2074183], [11.8656515, 48.2074783], [11.8656472, 48.207513], [11.863813, 48.2076202], [11.8620161, 48.2076937], [11.8610147, 48.207487], [11.8610013, 48.207481], [11.8609181, 48.2074437], [11.8608478, 48.2074122], [11.8607264, 48.2073662], [11.8607246, 48.2072328], [11.8607389, 48.2071412], [11.8605292, 48.2070756], [11.8604189, 48.2070386], [11.859371, 48.2066865], [11.8585732, 48.2066632], [11.8585309, 48.2069018], [11.858469, 48.2072558], [11.8584304, 48.2074773], [11.8582197, 48.2079657], [11.8580989, 48.2079933], [11.85798, 48.2079547], [11.8575749, 48.2078861], [11.8574151, 48.2078591], [11.8566008, 48.2078622], [11.8556787, 48.2078838], [11.8542645, 48.2077964], [11.8542652, 48.2078055], [11.8543414, 48.2091104], [11.852062, 48.209133], [11.850555, 48.2091331], [11.8493461, 48.2087268], [11.8492612, 48.2080508], [11.8491744, 48.2073594], [11.8490612, 48.2064586], [11.8470639, 48.2065707], [11.8445912, 48.2067234], [11.8442218, 48.2067475], [11.8431953, 48.2068144], [11.8428972, 48.206767], [11.8428798, 48.206869], [11.8428626, 48.2069711], [11.8427521, 48.2080743], [11.8426119, 48.209336], [11.8424529, 48.2093289], [11.842008, 48.2093302], [11.8412614, 48.2092924], [11.8408603, 48.2092536], [11.840378, 48.2091431], [11.8392158, 48.208895], [11.8372041, 48.2084671], [11.8368453, 48.2083907], [11.8365888, 48.2083361], [11.8338776, 48.2077586], [11.833808, 48.2073304], [11.8340529, 48.2072924], [11.8362086, 48.2069578], [11.8362132, 48.2068641], [11.8362417, 48.2062885], [11.8362893, 48.2053244], [11.836301, 48.2050861], [11.835937, 48.2052438], [11.8357128, 48.205377], [11.8349444, 48.205834], [11.8348688, 48.2058789], [11.834957, 48.2066596], [11.8344613, 48.2066054], [11.833939, 48.2065961], [11.8338268, 48.2063743], [11.8323959, 48.2070795], [11.8323902, 48.2070722], [11.8323286, 48.2069393], [11.8320583, 48.2062927], [11.8319142, 48.2061292], [11.8319047, 48.2061217], [11.8318361, 48.2060824], [11.8318088, 48.2060723], [11.831699, 48.2060497], [11.8307517, 48.2059029], [11.8305988, 48.2058744], [11.8305307, 48.2058526], [11.8304067, 48.2058128], [11.8298274, 48.2056417], [11.8296775, 48.2055705], [11.8295206, 48.2055842], [11.8293434, 48.2055998], [11.8278022, 48.2055329], [11.8267048, 48.2054906], [11.8265623, 48.2055047], [11.8264343, 48.2055291], [11.8258918, 48.2056968], [11.8253273, 48.2059327], [11.8247753, 48.2060135], [11.8244621, 48.2061292], [11.8244508, 48.2064368], [11.8244444, 48.2066039], [11.8247947, 48.2078311], [11.8247221, 48.2081123], [11.8244444, 48.2081636], [11.8235698, 48.2083252], [11.8230312, 48.2084064], [11.8222367, 48.2085264], [11.8202674, 48.2087223], [11.8201166, 48.2087476], [11.820115, 48.2089147], [11.8200365, 48.2091801], [11.8186305, 48.2091882], [11.8183151, 48.20919], [11.8181459, 48.2091701], [11.8180827, 48.2091627], [11.8177832, 48.2089205], [11.8173129, 48.2085322], [11.8171125, 48.2086346], [11.8169397, 48.2087169], [11.8140309, 48.2086962], [11.8134957, 48.2080699], [11.8132894, 48.2080812], [11.8132815, 48.2081644], [11.8132038, 48.2083075], [11.813167, 48.2083401], [11.8128255, 48.2085038], [11.8124452, 48.2086387], [11.8122774, 48.2087085], [11.8120597, 48.2088447], [11.8118139, 48.209052], [11.8116741, 48.2091049], [11.8115397, 48.2091559], [11.8111278, 48.2091909], [11.8104914, 48.2091974], [11.8102085, 48.2100885], [11.8101254, 48.2103506], [11.8098585, 48.2103203], [11.809801, 48.2106314], [11.8095883, 48.2106081], [11.8092838, 48.2107922], [11.8084148, 48.2113182], [11.8082841, 48.2113984], [11.8080541, 48.2113135], [11.8078936, 48.2113372], [11.8074501, 48.2114027], [11.806786, 48.2115007], [11.805397, 48.2118158], [11.8051878, 48.2114537], [11.8032596, 48.2118625], [11.8033632, 48.2123501], [11.8032128, 48.2123615], [11.8028706, 48.2123853], [11.8021162, 48.2124377], [11.8015828, 48.2124747], [11.799318, 48.2126327], [11.7991079, 48.2126507], [11.7990297, 48.212658], [11.7992918, 48.2133644], [11.7993539, 48.213584], [11.799429, 48.2138882], [11.7995695, 48.2149065], [11.7995932, 48.2152585], [11.799627, 48.2158705], [11.7996179, 48.2160325], [11.7996299, 48.2162493], [11.7996513, 48.2163681], [11.7994465, 48.2164315], [11.7992425, 48.216472], [11.7989964, 48.2165207], [11.7987672, 48.2165543], [11.7981, 48.2165971], [11.7977541, 48.2166178], [11.7970418, 48.21664], [11.7969778, 48.2166689], [11.7969396, 48.2166861], [11.7968517, 48.2167256], [11.7968225, 48.2167271], [11.7967222, 48.216732], [11.796647, 48.2167358], [11.7963239, 48.2167519], [11.796237, 48.2167528], [11.7961504, 48.2167605], [11.7960096, 48.2167675], [11.795869, 48.2167745], [11.7958036, 48.2167777], [11.7956633, 48.2167878], [11.7954295, 48.2167963], [11.7952752, 48.2168041], [11.7951209, 48.2168117], [11.7946249, 48.2168364], [11.7947407, 48.2174989], [11.7959178, 48.2174958], [11.7959966, 48.2174956], [11.7960462, 48.2175395], [11.7962966, 48.2178099], [11.7966371, 48.2182398], [11.7966522, 48.218348], [11.7967413, 48.2189194], [11.7968762, 48.2194715], [11.7971306, 48.2200362], [11.7967379, 48.2201972], [11.7931256, 48.2209357], [11.7917139, 48.2212225], [11.7903387, 48.2215018], [11.7888716, 48.2217053], [11.7868164, 48.2219904], [11.7857381, 48.2220654], [11.7854983, 48.2220147], [11.7852972, 48.2217571], [11.7851013, 48.2217175], [11.7847513, 48.2217901], [11.783898, 48.2213324], [11.7826822, 48.2210631], [11.7806539, 48.2207578], [11.7786851, 48.220519], [11.7772012, 48.220457], [11.7751777, 48.2205051], [11.7726384, 48.2204311], [11.7703676, 48.2204463], [11.7697411, 48.2205719], [11.769478, 48.2205657], [11.7690982, 48.2204021], [11.7687793, 48.2202188], [11.767859, 48.2201047], [11.7666378, 48.2225822], [11.7663232, 48.2232188], [11.7659364, 48.2240016], [11.7658411, 48.2242013], [11.7657997, 48.2242883], [11.765784, 48.2243213], [11.7657155, 48.2245766], [11.7656913, 48.2246673], [11.7655784, 48.2249346], [11.7655657, 48.2249651], [11.7655139, 48.2250325], [11.765478, 48.2250748], [11.7653439, 48.2252379], [11.7651424, 48.2256217], [11.7650532, 48.2257915], [11.7648485, 48.2261809], [11.7643686, 48.2259642], [11.7633718, 48.2255056], [11.7634498, 48.2253658], [11.7636437, 48.2250179], [11.7636926, 48.2249255], [11.7631875, 48.2248548], [11.7631959, 48.2247959], [11.7632021, 48.2247523], [11.763214, 48.2246669], [11.7637534, 48.2247402], [11.7637719, 48.2246905], [11.7638186, 48.2245689], [11.7638662, 48.224445], [11.7639092, 48.2243333], [11.7640117, 48.2240676], [11.7644663, 48.2237804], [11.764311, 48.2231811], [11.7644566, 48.2228271], [11.763275, 48.2225787], [11.7616873, 48.2222443], [11.7581085, 48.2215068], [11.7561106, 48.2211905], [11.7564679, 48.2206324], [11.7566058, 48.2203854], [11.7569475, 48.2197728], [11.7577034, 48.2198683], [11.7581942, 48.2197826], [11.7586731, 48.2194786], [11.7594884, 48.2182863], [11.7599703, 48.2176178], [11.759957, 48.2172718], [11.7600277, 48.2157026], [11.7601066, 48.2152877], [11.7602991, 48.214922], [11.7607909, 48.2152825], [11.7612552, 48.2154988], [11.7615447, 48.2153474], [11.7609898, 48.2146395], [11.7609776, 48.2145835], [11.7609478, 48.2144467], [11.7609308, 48.2143685], [11.7609057, 48.2142525], [11.7608978, 48.2142165], [11.760912, 48.214135], [11.7609257, 48.2140555], [11.7609394, 48.213976], [11.7609556, 48.2138816], [11.7610463, 48.2138063], [11.761148, 48.2137217], [11.7611766, 48.2136021], [11.7612225, 48.2134294], [11.7615866, 48.2132083], [11.7615484, 48.2117483], [11.7619006, 48.2113185], [11.761814, 48.2111746], [11.7617917, 48.2110413], [11.761844, 48.2109083], [11.7620887, 48.2107997], [11.7622424, 48.2107595], [11.7624626, 48.2105521], [11.7626775, 48.2103498], [11.7627422, 48.2102884], [11.7628101, 48.2102239], [11.7629873, 48.2100536], [11.7630478, 48.2099958], [11.7630581, 48.2099778], [11.7630837, 48.2099327], [11.7631905, 48.2097489], [11.7632098, 48.2093446], [11.7632116, 48.2093089], [11.7632056, 48.209075], [11.7632017, 48.2089143], [11.7628252, 48.2085679], [11.7627322, 48.2085195], [11.7622597, 48.2081918], [11.761912, 48.2079173], [11.7617725, 48.2078072], [11.7607243, 48.2069796], [11.7593016, 48.2058123], [11.7592042, 48.2057333], [11.7595174, 48.205518], [11.7599547, 48.205217], [11.7600314, 48.2051638], [11.7613512, 48.2041897], [11.7614109, 48.2041229], [11.761549, 48.204166], [11.7617024, 48.2042116], [11.7618005, 48.2039409], [11.7618484, 48.2037185], [11.7618579, 48.203695], [11.7618847, 48.2036279], [11.7625301, 48.2015276], [11.7625633, 48.2012941], [11.7623768, 48.2009937], [11.7621423, 48.2006295], [11.7615514, 48.200058], [11.761067, 48.1996204], [11.7609478, 48.1995295], [11.7604326, 48.1991357], [11.7603931, 48.1991094], [11.7595311, 48.1985513], [11.7586522, 48.197982], [11.7580653, 48.1976019], [11.7579161, 48.1971796], [11.757397, 48.1956574], [11.7577785, 48.1947053], [11.7577792, 48.1946842], [11.7577777, 48.1944699], [11.7577644, 48.194399], [11.7577479, 48.1943161], [11.7577085, 48.1941177], [11.7577021, 48.1940864], [11.7574217, 48.1934614], [11.7573171, 48.1931892], [11.7579314, 48.1923187], [11.7575701, 48.1920663], [11.7585875, 48.1906326], [11.7590424, 48.1899871], [11.7591086, 48.1898891], [11.7581411, 48.1896832], [11.7555205, 48.1891322], [11.7550548, 48.189032], [11.7568894, 48.1865659], [11.7584321, 48.1844918], [11.7600061, 48.1823519], [11.7612375, 48.1827255], [11.7633323, 48.183378], [11.7645394, 48.1820366], [11.7646606, 48.1818757], [11.7647695, 48.1817173], [11.7648427, 48.181746], [11.7664882, 48.1823471], [11.7673518, 48.1804748], [11.7677725, 48.1797026], [11.7678323, 48.179611], [11.767953, 48.1796504], [11.7693002, 48.1771856], [11.7689944, 48.177098], [11.7690546, 48.1769916], [11.7690747, 48.1769711], [11.7690773, 48.176966], [11.7693654, 48.1763829], [11.7693671, 48.1763621], [11.7693273, 48.1760683], [11.7701235, 48.1747894], [11.770444, 48.1742728], [11.7696134, 48.1741533], [11.7696469, 48.1741015], [11.7700591, 48.1734524], [11.7701633, 48.173308], [11.7702772, 48.1730682], [11.7704805, 48.1726923], [11.7706004, 48.1725131], [11.7707189, 48.1723965], [11.7707278, 48.1723843], [11.7705825, 48.1723305], [11.7705348, 48.1723128], [11.7696798, 48.1719963], [11.7695263, 48.1719394], [11.769396, 48.1718916], [11.7706949, 48.1697944], [11.7707512, 48.1697034], [11.7711071, 48.1691167], [11.7717428, 48.168066], [11.7718168, 48.1679696], [11.7720622, 48.1676436], [11.7724081, 48.167214], [11.7727256, 48.166721], [11.7730913, 48.1661875], [11.7735402, 48.1655843], [11.7738645, 48.1650846], [11.7739278, 48.1649929], [11.7740307, 48.1648439], [11.7742335, 48.1644841], [11.7746588, 48.1637665], [11.7750371, 48.1631187], [11.7753476, 48.1627065], [11.775399, 48.1626384], [11.7755431, 48.1624637], [11.7754159, 48.1624318], [11.7719694, 48.1615535], [11.7719138, 48.1614873], [11.7718425, 48.1613816], [11.7717513, 48.1613001], [11.7716534, 48.1612402], [11.7715768, 48.161171], [11.7714567, 48.1612242], [11.7714011, 48.161252], [11.7709601, 48.1614723], [11.769871, 48.1611715], [11.7699221, 48.1609428], [11.7700241, 48.1606079], [11.7704074, 48.1594922], [11.7704852, 48.1591827], [11.7705251, 48.1589401], [11.7705494, 48.1584903], [11.770526, 48.1582631], [11.7704458, 48.1579522], [11.7703886, 48.1578177], [11.7703817, 48.1578058], [11.7703283, 48.1576768], [11.7701494, 48.1573963], [11.7700221, 48.1572509], [11.7698316, 48.1570548], [11.7696292, 48.1568895], [11.7697804, 48.1567185], [11.7698953, 48.1565845], [11.7711644, 48.1550427], [11.7713161, 48.1548749], [11.7714186, 48.1547897], [11.7714852, 48.1547461], [11.7715248, 48.1547197], [11.7715943, 48.1546874], [11.7714315, 48.1545763], [11.7687972, 48.1530854], [11.7679836, 48.1526207], [11.7662501, 48.1517115], [11.7651804, 48.1512569], [11.7646209, 48.1509728], [11.764245, 48.1508074], [11.763903, 48.1506814], [11.763502, 48.1505615], [11.7619799, 48.149967], [11.7582331, 48.1485683], [11.7581792, 48.148555], [11.7579798, 48.1484805], [11.7572103, 48.1482265], [11.7562629, 48.1473196], [11.7561704, 48.1472308], [11.7560868, 48.1471394], [11.7559264, 48.1469607], [11.7557133, 48.1467233], [11.7555428, 48.1463307], [11.7550029, 48.1456224], [11.7547411, 48.1456212], [11.754537, 48.1450765], [11.7543558, 48.1450904], [11.7523935, 48.1439771], [11.7521847, 48.1438635], [11.7520618, 48.1437984], [11.7528615, 48.1431252], [11.7528873, 48.1431019], [11.7530744, 48.1429232], [11.7531438, 48.1428583], [11.7532147, 48.142793], [11.7534172, 48.1426138], [11.7539206, 48.1421685], [11.7539918, 48.1421036], [11.7521166, 48.1404765], [11.7517933, 48.140196], [11.7504654, 48.1391131], [11.7501185, 48.1388124], [11.749902, 48.1386207], [11.7495882, 48.1384357], [11.7476953, 48.137637]]]}}